,Unnamed: 0,date,All ages,1-4,5-14,15-24,25-44,45-64,65-74,75+
0,1,2020-02-17,0.0046645298160487,7.8038255551171e-07,1.02564372987627e-05,1.55967959822347e-05,0.0002376030982,0.0039409080021765,0.016577864820467,0.103265212022037
1,2,2020-02-18,0.0046612636414535,7.8038255551171e-07,1.02564372987627e-05,1.55967959822347e-05,0.0002376030982,0.0039409080021765,0.016577864820467,0.103265212022037
2,3,2020-02-19,0.0046578420384827,7.8038255551171e-07,1.02564372987627e-05,1.55967959822347e-05,0.0002376030982,0.0039409080021765,0.016577864820467,0.103265212022037
3,4,2020-02-20,0.0046548114719653,7.8038255551171e-07,1.02564372987627e-05,1.55967959822347e-05,0.0002376030982,0.0039409080021765,0.016577864820467,0.103265212022037
4,5,2020-02-21,0.0046511363253256,7.8038255551171e-07,1.02564372987627e-05,1.55967959822347e-05,0.0002376030982,0.0039409080021765,0.016577864820467,0.103265212022037
5,6,2020-02-22,0.004647143711819,7.8038255551171e-07,1.02564372987627e-05,1.55967959822347e-05,0.0002376030982,0.0039409080021765,0.016577864820467,0.103265212022037
6,7,2020-02-23,0.0046447406609439,7.8038255551171e-07,1.02564372987627e-05,1.55967959822347e-05,0.0002376030982,0.0039409080021765,0.016577864820467,0.103265212022037
7,8,2020-02-24,0.0046410871680262,7.8038255551171e-07,1.02564372987627e-05,1.55967959822347e-05,0.0002376030982,0.0039409080021765,0.016577864820467,0.103265212022037
8,9,2020-02-25,0.0046373439427343,7.8038255551171e-07,1.02564372987627e-05,1.55967959822347e-05,0.0002376030982,0.0039409080021765,0.016577864820467,0.103265212022037
9,10,2020-02-26,0.0046345923847728,7.8038255551171e-07,1.02564372987627e-05,1.55967959822347e-05,0.0002376030982,0.0039409080021765,0.016577864820467,0.103265212022037
10,11,2020-02-27,0.004631543664241,7.8038255551171e-07,1.02564372987627e-05,1.55967959822347e-05,0.0002376030982,0.0039409080021765,0.016577864820467,0.103265212022037
11,12,2020-02-28,0.0046280213639206,7.8038255551171e-07,1.02564372987627e-05,1.55967959822347e-05,0.0002376030982,0.0039409080021765,0.016577864820467,0.103265212022037
12,13,2020-02-29,0.0046250327668214,7.8038255551171e-07,1.02564372987627e-05,1.55967959822347e-05,0.0002376030982,0.0039409080021765,0.016577864820467,0.103265212022037
13,14,2020-03-01,0.0046233736401039,7.8038255551171e-07,1.02564372987627e-05,1.55967959822347e-05,0.0002376030982,0.0039409080021765,0.016577864820467,0.103265212022037
14,15,2020-03-02,0.0046217701524232,7.8038255551171e-07,1.02564372987627e-05,1.55967959822347e-05,0.0002376030982,0.0039409080021765,0.016577864820467,0.103265212022037
15,16,2020-03-03,0.0046189522763432,7.8038255551171e-07,1.02564372987627e-05,1.55967959822347e-05,0.0002376030982,0.0039409080021765,0.016577864820467,0.103265212022037
16,17,2020-03-04,0.004616850842567,7.8038255551171e-07,1.02564372987627e-05,1.55967959822347e-05,0.0002376030982,0.0039409080021765,0.016577864820467,0.103265212022037
17,18,2020-03-05,0.0046145181939266,7.8038255551171e-07,1.02564372987627e-05,1.55967959822347e-05,0.0002376030982,0.0039409080021765,0.016577864820467,0.103265212022037
18,19,2020-03-06,0.0046127214138396,7.8038255551171e-07,1.02564372987627e-05,1.55967959822347e-05,0.0002376030982,0.0039409080021765,0.016577864820467,0.103265212022037
19,20,2020-03-07,0.0046102667705184,7.8038255551171e-07,1.02564372987627e-05,1.55967959822347e-05,0.0002376030982,0.0039409080021765,0.016577864820467,0.103265212022037
20,21,2020-03-08,0.0046089890008918,7.8038255551171e-07,1.02564372987627e-05,1.55967959822347e-05,0.0002376030982,0.0039409080021765,0.016577864820467,0.103265212022037
21,22,2020-03-09,0.0046077954637476,7.8038255551171e-07,1.02564372987627e-05,1.55967959822347e-05,0.0002376030982,0.0039409080021765,0.016577864820467,0.103265212022037
22,23,2020-03-10,0.0046061550359314,7.8038255551171e-07,1.02564372987627e-05,1.55967959822347e-05,0.0002376030982,0.0039409080021765,0.016577864820467,0.103265212022037
23,24,2020-03-11,0.004605936807464,7.8038255551171e-07,1.02564372987627e-05,1.55967959822347e-05,0.0002376030982,0.0039409080021765,0.016577864820467,0.103265212022037
24,25,2020-03-12,0.0046060227005267,7.80382555511711e-07,1.02564372987627e-05,1.55967959822347e-05,0.0002376030982,0.0039409080021765,0.016577864820467,0.103265212022037
25,26,2020-03-13,0.0046075750470405,7.8038255551171e-07,1.02564372987627e-05,1.55967959822347e-05,0.0002376030982,0.0039409080021765,0.016577864820467,0.103265212022037
26,27,2020-03-14,0.0046102639384562,7.8038255551171e-07,1.02564372987627e-05,1.55967959822347e-05,0.0002376030982,0.0039409080021765,0.016577864820467,0.103265212022037
27,28,2020-03-15,0.0046137878119656,7.8038255551171e-07,1.02564372987627e-05,1.55967959822347e-05,0.0002376030982,0.0039409080021765,0.016577864820467,0.103265212022037
28,29,2020-03-16,0.0046187647321554,7.8038255551171e-07,1.02564372987627e-05,1.55967959822347e-05,0.0002376030982,0.0039409080021765,0.016577864820467,0.103265212022037
29,30,2020-03-17,0.004625443183544,7.8038255551171e-07,1.02564372987627e-05,1.55967959822347e-05,0.0002376030982,0.0039409080021765,0.016577864820467,0.103265212022037
30,31,2020-03-18,0.0046341849699282,7.8038255551171e-07,1.02564372987627e-05,1.55967959822347e-05,0.0002376030982,0.0039409080021765,0.016577864820467,0.103265212022037
31,32,2020-03-19,0.004646020842978,7.8038255551171e-07,1.02564372987627e-05,1.55967959822347e-05,0.0002376030982,0.0039409080021765,0.016577864820467,0.103265212022037
32,33,2020-03-20,0.0046613738187081,7.8038255551171e-07,1.02564372987627e-05,1.55967959822347e-05,0.0002376030982,0.0039409080021765,0.016577864820467,0.103265212022037
33,34,2020-03-21,0.0046823930082186,7.8038255551171e-07,1.02564372987627e-05,1.55967959822347e-05,0.0002376030982,0.0039409080021765,0.016577864820467,0.103265212022037
34,35,2020-03-22,0.004707269422994,7.8038255551171e-07,1.02564372987627e-05,1.55967959822347e-05,0.0002376030982,0.0039409080021765,0.016577864820467,0.103265212022037
35,36,2020-03-23,0.004738129349498,7.8038255551171e-07,1.02564372987627e-05,1.55967959822347e-05,0.0002376030982,0.0039409080021765,0.016577864820467,0.103265212022037
36,37,2020-03-24,0.0054711155064087,7.8038255551171e-07,1.02564372987627e-05,1.55967959822347e-05,0.0002376030982,0.0039409080021765,0.016577864820467,0.103265212022037
37,38,2020-03-25,0.0085173938558105,7.8038255551171e-07,1.02564372987627e-05,1.55967959822347e-05,0.0002376030982,0.0039409080021765,0.016577864820467,0.103265212022037
38,39,2020-03-26,0.0085692773026056,7.8038255551171e-07,1.02564372987627e-05,1.55967959822347e-05,0.0002376030982,0.0039409080021765,0.016577864820467,0.103265212022037
39,40,2020-03-27,0.0086637303300882,7.8038255551171e-07,1.02564372987627e-05,1.55967959822347e-05,0.0002376030982,0.0039409080021765,0.016577864820467,0.103265212022037
40,41,2020-03-28,0.0088045580016745,7.8038255551171e-07,1.02564372987627e-05,1.55967959822347e-05,0.0002376030982,0.0039409080021765,0.016577864820467,0.103265212022037
41,42,2020-03-29,0.0089873128693149,7.8038255551171e-07,1.02564372987627e-05,1.55967959822347e-05,0.0002376030982,0.0039409080021765,0.016577864820467,0.103265212022037
42,43,2020-03-30,0.0091974403937428,7.8038255551171e-07,1.02564372987627e-05,1.55967959822347e-05,0.0002376030982,0.0039409080021765,0.016577864820467,0.103265212022037
43,44,2020-03-31,0.0091802381056837,7.8038255551171e-07,1.02564372987627e-05,1.55967959822347e-05,0.0002376030982,0.0039409080021765,0.016577864820467,0.103265212022037
44,45,2020-04-01,0.0090824969261584,7.8038255551171e-07,1.02564372987627e-05,1.55967959822347e-05,0.0002376030982,0.0039409080021765,0.016577864820467,0.103265212022037
45,46,2020-04-02,0.0092887651433174,7.8038255551171e-07,1.02564372987627e-05,1.55967959822347e-05,0.0002376030982,0.0039409080021765,0.016577864820467,0.103265212022037
46,47,2020-04-03,0.0094636748271114,7.8038255551171e-07,1.02564372987627e-05,1.55967959822347e-05,0.0002376030982,0.0039409080021765,0.016577864820467,0.103265212022037
47,48,2020-04-04,0.0096137511313435,7.8038255551171e-07,1.02564372987627e-05,1.55967959822347e-05,0.0002376030982,0.0039409080021765,0.016577864820467,0.103265212022037
48,49,2020-04-05,0.0097426587778772,7.8038255551171e-07,1.02564372987627e-05,1.55967959822347e-05,0.0002376030982,0.0039409080021765,0.016577864820467,0.103265212022037
49,50,2020-04-06,0.0098598114565083,7.8038255551171e-07,1.02564372987627e-05,1.55967959822347e-05,0.0002376030982,0.0039409080021765,0.016577864820467,0.103265212022037
50,51,2020-04-07,0.0098987268729918,7.8038255551171e-07,1.02564372987627e-05,1.55967959822347e-05,0.0002376030982,0.0039409080021765,0.016577864820467,0.103265212022037
51,52,2020-04-08,0.0099251742669358,7.8038255551171e-07,1.02564372987627e-05,1.55967959822347e-05,0.0002376030982,0.0039409080021765,0.016577864820467,0.103265212022037
52,53,2020-04-09,0.0100143444571086,7.8038255551171e-07,1.02564372987627e-05,1.55967959822347e-05,0.0002376030982,0.0039409080021765,0.016577864820467,0.103265212022037
53,54,2020-04-10,0.0100973156536744,7.8038255551171e-07,1.02564372987627e-05,1.55967959822347e-05,0.0002376030982,0.0039409080021765,0.016577864820467,0.103265212022037
54,55,2020-04-11,0.0101729437811242,7.8038255551171e-07,1.02564372987627e-05,1.55967959822347e-05,0.0002376030982,0.0039409080021765,0.016577864820467,0.103265212022037
55,56,2020-04-12,0.0102410478210969,7.8038255551171e-07,1.02564372987627e-05,1.55967959822347e-05,0.0002376030982,0.0039409080021765,0.016577864820467,0.103265212022037
56,57,2020-04-13,0.0103034551984561,7.8038255551171e-07,1.02564372987627e-05,1.55967959822347e-05,0.0002376030982,0.0039409080021765,0.016577864820467,0.103265212022037
57,58,2020-04-14,0.0102445096608987,7.8038255551171e-07,1.02564372987627e-05,1.55967959822347e-05,0.0002376030982,0.0039409080021765,0.016577864820467,0.103265212022037
58,59,2020-04-15,0.0101996891927975,7.8038255551171e-07,1.02564372987627e-05,1.55967959822347e-05,0.0002376030982,0.0039409080021765,0.016577864820467,0.103265212022037
59,60,2020-04-16,0.0102536744654659,7.8038255551171e-07,1.02564372987627e-05,1.55967959822347e-05,0.0002376030982,0.0039409080021765,0.016577864820467,0.103265212022037
60,61,2020-04-17,0.0102981284506833,7.8038255551171e-07,1.02564372987627e-05,1.55967959822347e-05,0.0002376030982,0.0039409080021765,0.016577864820467,0.103265212022037
61,62,2020-04-18,0.0103352304992958,7.8038255551171e-07,1.02564372987627e-05,1.55967959822347e-05,0.0002376030982,0.0039409080021765,0.016577864820467,0.103265212022037
62,63,2020-04-19,0.010366358797322,7.8038255551171e-07,1.02564372987627e-05,1.55967959822347e-05,0.0002376030982,0.0039409080021765,0.016577864820467,0.103265212022037
63,64,2020-04-20,0.0103921761916878,7.8038255551171e-07,1.02564372987627e-05,1.55967959822347e-05,0.0002376030982,0.0039409080021765,0.016577864820467,0.103265212022037
64,65,2020-04-21,0.0104721053558691,7.80382555511711e-07,1.02564372987627e-05,1.55967959822347e-05,0.0002376030982,0.0039409080021765,0.016577864820467,0.103265212022037
65,66,2020-04-22,0.0105465367053581,7.8038255551171e-07,1.02564372987627e-05,1.55967959822347e-05,0.0002376030982,0.0039409080021765,0.016577864820467,0.103265212022037
66,67,2020-04-23,0.0105650487020661,7.8038255551171e-07,1.02564372987627e-05,1.55967959822347e-05,0.0002376030982,0.0039409080021765,0.016577864820467,0.103265212022037
67,68,2020-04-24,0.0105839785655944,7.8038255551171e-07,1.02564372987627e-05,1.55967959822347e-05,0.0002376030982,0.0039409080021765,0.016577864820467,0.103265212022037
68,69,2020-04-25,0.0106014703138957,7.8038255551171e-07,1.02564372987627e-05,1.55967959822347e-05,0.0002376030982,0.0039409080021765,0.016577864820467,0.103265212022037
69,70,2020-04-26,0.0106191957654709,7.8038255551171e-07,1.02564372987627e-05,1.55967959822347e-05,0.0002376030982,0.0039409080021765,0.016577864820467,0.103265212022037
70,71,2020-04-27,0.0106337886793876,7.8038255551171e-07,1.02564372987627e-05,1.55967959822347e-05,0.0002376030982,0.0039409080021765,0.016577864820467,0.103265212022037
71,72,2020-04-28,0.0107756531090069,7.8038255551171e-07,1.02564372987627e-05,1.55967959822347e-05,0.0002376030982,0.0039409080021765,0.016577864820467,0.103265212022037
72,73,2020-04-29,0.0109078357839494,7.8038255551171e-07,1.02564372987627e-05,1.55967959822347e-05,0.0002376030982,0.0039409080021765,0.016577864820467,0.103265212022037
73,74,2020-04-30,0.0109227202159787,7.8038255551171e-07,1.02564372987627e-05,1.55967959822347e-05,0.0002376030982,0.0039409080021765,0.016577864820467,0.103265212022037
74,75,2020-05-01,0.0109374841636934,7.8038255551171e-07,1.02564372987627e-05,1.55967959822347e-05,0.0002376030982,0.0039409080021765,0.016577864820467,0.103265212022037
75,76,2020-05-02,0.0109539202765391,7.8038255551171e-07,1.02564372987627e-05,1.55967959822347e-05,0.0002376030982,0.0039409080021765,0.016577864820467,0.103265212022037
76,77,2020-05-03,0.0109687155431783,7.8038255551171e-07,1.02564372987627e-05,1.55967959822347e-05,0.0002376030982,0.0039409080021765,0.016577864820467,0.103265212022037
77,78,2020-05-04,0.0109819502087542,7.8038255551171e-07,1.02564372987627e-05,1.55967959822347e-05,0.0002376030982,0.0039409080021765,0.016577864820467,0.103265212022037
78,79,2020-05-05,0.0113103893574733,7.8038255551171e-07,1.02564372987627e-05,1.55967959822347e-05,0.0002376030982,0.0039409080021765,0.016577864820467,0.103265212022037
79,80,2020-05-06,0.0116278852091544,7.8038255551171e-07,1.02564372987627e-05,1.55967959822347e-05,0.0002376030982,0.0039409080021765,0.016577864820467,0.103265212022037
80,81,2020-05-07,0.0116413541455599,7.8038255551171e-07,1.02564372987627e-05,1.55967959822347e-05,0.0002376030982,0.0039409080021765,0.016577864820467,0.103265212022037
81,82,2020-05-08,0.0116670981282743,7.8038255551171e-07,1.02564372987627e-05,1.55967959822347e-05,0.0002376030982,0.0039409080021765,0.016577864820467,0.103265212022037
82,83,2020-05-09,0.0117009731601672,7.8038255551171e-07,1.02564372987627e-05,1.55967959822347e-05,0.0002376030982,0.0039409080021765,0.016577864820467,0.103265212022037
83,84,2020-05-10,0.0117371280970049,7.8038255551171e-07,1.02564372987627e-05,1.55967959822347e-05,0.0002376030982,0.0039409080021765,0.016577864820467,0.103265212022037
84,85,2020-05-11,0.0117732985134042,7.8038255551171e-07,1.02564372987627e-05,1.55967959822347e-05,0.0002376030982,0.0039409080021765,0.016577864820467,0.103265212022037
85,86,2020-05-12,0.0117269096083661,7.8038255551171e-07,1.02564372987627e-05,1.55967959822347e-05,0.0002376030982,0.0039409080021765,0.016577864820467,0.103265212022037
86,87,2020-05-13,0.0116813566273888,7.80382555511711e-07,1.02564372987627e-05,1.55967959822347e-05,0.0002376030982,0.0039409080021765,0.016577864820467,0.103265212022037
87,88,2020-05-14,0.0117099358302992,7.8038255551171e-07,1.02564372987627e-05,1.55967959822347e-05,0.0002376030982,0.0039409080021765,0.016577864820467,0.103265212022037
88,89,2020-05-15,0.0117340838944303,7.8038255551171e-07,1.02564372987627e-05,1.55967959822347e-05,0.0002376030982,0.0039409080021765,0.016577864820467,0.103265212022037
89,90,2020-05-16,0.0117559958057753,7.8038255551171e-07,1.02564372987627e-05,1.55967959822347e-05,0.0002376030982,0.0039409080021765,0.016577864820467,0.103265212022037
90,91,2020-05-17,0.0117732495642235,7.8038255551171e-07,1.02564372987627e-05,1.55967959822347e-05,0.0002376030982,0.0039409080021765,0.016577864820467,0.103265212022037
91,92,2020-05-18,0.0117899505406158,7.8038255551171e-07,1.02564372987627e-05,1.55967959822347e-05,0.0002376030982,0.0039409080021765,0.016577864820467,0.103265212022037
92,93,2020-05-19,0.011805879806152,7.8038255551171e-07,1.02564372987627e-05,1.55967959822347e-05,0.0002376030982,0.0039409080021765,0.016577864820467,0.103265212022037
93,94,2020-05-20,0.0118186694045749,7.80382555511711e-07,1.02564372987627e-05,1.55967959822347e-05,0.0002376030982,0.0039409080021765,0.016577864820467,0.103265212022037
94,95,2020-05-21,0.0118291101785191,7.8038255551171e-07,1.02564372987627e-05,1.55967959822347e-05,0.0002376030982,0.0039409080021765,0.016577864820467,0.103265212022037
95,96,2020-05-22,0.0118390581160285,7.8038255551171e-07,1.02564372987627e-05,1.55967959822347e-05,0.0002376030982,0.0039409080021765,0.016577864820467,0.103265212022037
96,97,2020-05-23,0.0118488448714816,7.8038255551171e-07,1.02564372987627e-05,1.55967959822347e-05,0.0002376030982,0.0039409080021765,0.016577864820467,0.103265212022037
97,98,2020-05-24,0.0118579233666882,7.8038255551171e-07,1.02564372987627e-05,1.55967959822347e-05,0.0002376030982,0.0039409080021765,0.016577864820467,0.103265212022037
98,99,2020-05-25,0.011866871798951,7.8038255551171e-07,1.02564372987627e-05,1.55967959822347e-05,0.0002376030982,0.0039409080021765,0.016577864820467,0.103265212022037
99,100,2020-05-26,0.0116958503842384,7.80382555511711e-07,1.02564372987627e-05,1.55967959822347e-05,0.0002376030982,0.0039409080021765,0.016577864820467,0.103265212022037
100,101,2020-05-27,0.0115276975132085,7.8038255551171e-07,1.02564372987627e-05,1.55967959822347e-05,0.0002376030982,0.0039409080021765,0.016577864820467,0.103265212022037
101,102,2020-05-28,0.0115327005777316,7.8038255551171e-07,1.02564372987627e-05,1.55967959822347e-05,0.0002376030982,0.0039409080021765,0.016577864820467,0.103265212022037
102,103,2020-05-29,0.011529129756244,7.8038255551171e-07,1.02564372987627e-05,1.55967959822347e-05,0.0002376030982,0.0039409080021765,0.016577864820467,0.103265212022037
103,104,2020-05-30,0.0115188440694905,7.8038255551171e-07,1.02564372987627e-05,1.55967959822347e-05,0.0002376030982,0.0039409080021765,0.016577864820467,0.103265212022037
104,105,2020-05-31,0.0115064276096883,7.8038255551171e-07,1.02564372987627e-05,1.55967959822347e-05,0.0002376030982,0.0039409080021765,0.016577864820467,0.103265212022037
105,106,2020-06-01,0.0110380390468973,7.68632843288616e-07,1.01175147997691e-05,1.53433653797216e-05,0.0002344047946158,0.0038080148735507,0.0159910767058486,0.099041835341715
106,107,2020-06-02,0.0106175773495496,7.5706237332767e-07,9.9653304926594e-06,1.50978635816459e-05,0.0002308819927162,0.0036829622488319,0.0154274555510319,0.0949944818352909
107,108,2020-06-03,0.010214631905879,7.46459762117515e-07,9.81878982056856e-06,1.48358754063002e-05,0.00022757359044,0.0035567397257907,0.014887134464923,0.0910855173409154
108,109,2020-06-04,0.0097996977475195,7.3553368884928e-07,9.64483129369917e-06,1.45976135625814e-05,0.00022388936217,0.0034329082031466,0.0143520281106447,0.0873204699455377
109,110,2020-06-05,0.0094028824032983,7.26617944319041e-07,9.45952442408015e-06,1.43286017828401e-05,0.0002203861617225,0.0033138495431575,0.0138342298659058,0.0837071633997694
110,111,2020-06-06,0.0090245160193114,7.13507979932138e-07,9.30297567792232e-06,1.41042586775271e-05,0.0002166734365803,0.0031965802741805,0.0133278635163565,0.0802286753417864
111,112,2020-06-07,0.0086611564847762,7.04177384402989e-07,9.14540069721999e-06,1.38615315997999e-05,0.0002125324627816,0.0030832142163228,0.0128437832524068,0.0768765677743092
112,113,2020-06-08,0.0083111932649089,6.88488050450494e-07,8.97774552549271e-06,1.36093549656084e-05,0.0002084625895511,0.0029703292073034,0.0123757415214068,0.0736551529770688
113,114,2020-06-09,0.007974610223674,6.75840114158059e-07,8.85605849114744e-06,1.3352351939532e-05,0.0002042758151619,0.0028619835925744,0.0119237446192882,0.0705596859919271
114,115,2020-06-10,0.0076488596021924,6.65063040516112e-07,8.68954678322203e-06,1.30995382238402e-05,0.000199900099389,0.0027578919405645,0.0114822403768877,0.0675779785620063
115,116,2020-06-11,0.007338803259016,6.5690090558592e-07,8.54891995052919e-06,1.28234291315453e-05,0.0001957306770403,0.0026559167828803,0.0110555258643335,0.0647229163510463
116,117,2020-06-12,0.0070383224691542,6.4626375574961e-07,8.4032161954066e-06,1.25713973449705e-05,0.0001913787727476,0.0025567848851582,0.0106358105533746,0.0619718630486469
117,118,2020-06-13,0.0067482341042907,6.33573495974194e-07,8.27540621802029e-06,1.23378019960868e-05,0.0001873747729674,0.0024593525942079,0.0102342836464131,0.0593347590254912
118,119,2020-06-14,0.006469276955908,6.23426691944152e-07,8.13507335448089e-06,1.20769028230236e-05,0.0001827402517055,0.0023650068593212,0.009846282316432,0.056799415447753
119,120,2020-06-15,0.0062023352775474,6.13442465450631e-07,7.99077009468072e-06,1.18343609163593e-05,0.0001783281751572,0.002275083538379,0.0094776828163766,0.0543656973609159
120,121,2020-06-16,0.0060591922496313,6.03703420664089e-07,7.85681608350546e-06,1.15825156541924e-05,0.0001742708942147,0.0021885145137323,0.0091080061745519,0.0520242174883778
121,122,2020-06-17,0.0059080352043266,5.94142816013455e-07,7.70263942693219e-06,1.13468275181792e-05,0.000170199409794,0.0021055628144646,0.0087575536274069,0.0497864827166353
122,123,2020-06-18,0.0056636473970639,5.83377493348134e-07,7.55874874069679e-06,1.10814664677934e-05,0.0001662376782365,0.0020245791095326,0.0084273652425743,0.0476363240317713
123,124,2020-06-19,0.0054310179913804,5.71333555836136e-07,7.4174129018177e-06,1.08488787385584e-05,0.0001621116007447,0.0019469343461224,0.0081044710525953,0.0455739390986798
124,125,2020-06-20,0.0052097438795061,5.59538315946373e-07,7.27596029297519e-06,1.06004620718373e-05,0.000158122602469,0.0018738319801378,0.0077967642993511,0.0436072048864902
125,126,2020-06-21,0.0049975511565198,5.47986637194256e-07,7.13519047937795e-06,1.03720721342217e-05,0.0001542380750563,0.001802089066499,0.0074983608470071,0.041714442289948
126,127,2020-06-22,0.0047939411236468,5.36699699505877e-07,6.99825730074848e-06,1.01442917532988e-05,0.0001504459009887,0.0017319069835157,0.0072120306250663,0.0398958110613037
127,128,2020-06-23,0.0045624290586497,5.25700149530247e-07,6.87428574962731e-06,9.93542450919839e-06,0.0001467224618258,0.0016656585458571,0.0069357918495253,0.0381614869370084
128,129,2020-06-24,0.004334723326583,5.15705034944381e-07,6.74491917245705e-06,9.71900732499131e-06,0.0001431368992829,0.0016022716693436,0.0066690744670023,0.0364990824217958
129,130,2020-06-25,0.0041552635313875,5.09662809781212e-07,6.61822787328048e-06,9.48889117012944e-06,0.000139662756041,0.0015407915951988,0.0064082393583868,0.0349073339212008
130,131,2020-06-26,0.0039811237141481,5.02841787834465e-07,6.49371242979391e-06,9.27624525316705e-06,0.0001360937234124,0.0014813551159716,0.0061598208850619,0.0333849171939087
131,132,2020-06-27,0.0038124372458326,4.93364384952752e-07,6.35761693393787e-06,9.07905860621071e-06,0.0001325382354236,0.0014242027974457,0.0059203532378545,0.0319219512204684
132,133,2020-06-28,0.0036495424527382,4.84130383279023e-07,6.22780304768766e-06,8.86528949000032e-06,0.0001290900011757,0.0013690076986606,0.0056918872705225,0.0305172380940134
133,134,2020-06-29,0.003493616477523,4.75067967075452e-07,6.09156358849812e-06,8.67280558042024e-06,0.0001257150711063,0.0013162586537493,0.0054696382428217,0.0291732865849128
134,135,2020-06-30,0.0033461034112945,4.68121111592869e-07,5.99629864746895e-06,8.47244315766031e-06,0.0001223979396652,0.001266288669409,0.0052565392753119,0.0278874754585028
135,136,2020-07-01,0.0033434028652954,4.68121111592869e-07,5.99629864746895e-06,8.47244315766031e-06,0.0001223979396652,0.001266288669409,0.0052565392753119,0.0278874754585028
136,137,2020-07-02,0.0033391080507196,4.68121111592869e-07,5.99629864746895e-06,8.47244315766031e-06,0.0001223979396652,0.001266288669409,0.0052565392753119,0.0278874754585028
137,138,2020-07-03,0.0033354080479031,4.68121111592869e-07,5.99629864746895e-06,8.47244315766031e-06,0.0001223979396652,0.001266288669409,0.0052565392753119,0.0278874754585028
138,139,2020-07-04,0.0033300872103881,4.68121111592869e-07,5.99629864746895e-06,8.47244315766031e-06,0.0001223979396652,0.001266288669409,0.0052565392753119,0.0278874754585028
139,140,2020-07-05,0.0033245767582154,4.68121111592869e-07,5.99629864746895e-06,8.47244315766031e-06,0.0001223979396652,0.001266288669409,0.0052565392753119,0.0278874754585028
140,141,2020-07-06,0.0033196902746104,4.68121111592869e-07,5.99629864746895e-06,8.47244315766031e-06,0.0001223979396652,0.001266288669409,0.0052565392753119,0.0278874754585028
141,142,2020-07-07,0.0033032942546508,4.68121111592869e-07,5.99629864746895e-06,8.47244315766031e-06,0.0001223979396652,0.001266288669409,0.0052565392753119,0.0278874754585028
142,143,2020-07-08,0.0032863547042589,4.68121111592869e-07,5.99629864746895e-06,8.47244315766031e-06,0.0001223979396652,0.001266288669409,0.0052565392753119,0.0278874754585028
143,144,2020-07-09,0.0032813942288838,4.68121111592869e-07,5.99629864746895e-06,8.47244315766031e-06,0.0001223979396652,0.001266288669409,0.0052565392753119,0.0278874754585028
144,145,2020-07-10,0.0032769822276825,4.68121111592869e-07,5.99629864746895e-06,8.47244315766031e-06,0.0001223979396652,0.001266288669409,0.0052565392753119,0.0278874754585028
145,146,2020-07-11,0.0032728077119021,4.68121111592869e-07,5.99629864746895e-06,8.47244315766031e-06,0.0001223979396652,0.001266288669409,0.0052565392753119,0.0278874754585028
146,147,2020-07-12,0.0032685542717661,4.68121111592869e-07,5.99629864746895e-06,8.47244315766031e-06,0.0001223979396652,0.001266288669409,0.0052565392753119,0.0278874754585028
147,148,2020-07-13,0.0032654689913484,4.68121111592869e-07,5.99629864746895e-06,8.47244315766031e-06,0.0001223979396652,0.001266288669409,0.0052565392753119,0.0278874754585028
148,149,2020-07-14,0.0032510869177238,4.68121111592869e-07,5.99629864746895e-06,8.47244315766031e-06,0.0001223979396652,0.001266288669409,0.0052565392753119,0.0278874754585028
149,150,2020-07-15,0.0032373702261465,4.68121111592869e-07,5.99629864746895e-06,8.47244315766031e-06,0.0001223979396652,0.001266288669409,0.0052565392753119,0.0278874754585028
150,151,2020-07-16,0.0032344706398636,4.68121111592869e-07,5.99629864746895e-06,8.47244315766031e-06,0.0001223979396652,0.001266288669409,0.0052565392753119,0.0278874754585028
151,152,2020-07-17,0.0032305664254147,4.68121111592869e-07,5.99629864746895e-06,8.47244315766031e-06,0.0001223979396652,0.001266288669409,0.0052565392753119,0.0278874754585028
152,153,2020-07-18,0.0032247690030638,4.68121111592869e-07,5.99629864746895e-06,8.47244315766031e-06,0.0001223979396652,0.001266288669409,0.0052565392753119,0.0278874754585028
153,154,2020-07-19,0.0032196116921885,4.68121111592869e-07,5.99629864746894e-06,8.47244315766031e-06,0.0001223979396652,0.001266288669409,0.0052565392753119,0.0278874754585028
154,155,2020-07-20,0.0032134737391839,4.68121111592869e-07,5.99629864746895e-06,8.47244315766031e-06,0.0001223979396652,0.001266288669409,0.0052565392753119,0.0278874754585028
155,156,2020-07-21,0.0032780063296332,4.68121111592869e-07,5.99629864746895e-06,8.47244315766031e-06,0.0001223979396652,0.001266288669409,0.0052565392753119,0.0278874754585028
156,157,2020-07-22,0.0033456830234511,4.68121111592869e-07,5.99629864746895e-06,8.47244315766031e-06,0.0001223979396652,0.001266288669409,0.0052565392753119,0.0278874754585028
157,158,2020-07-23,0.0033418818619064,4.68121111592869e-07,5.99629864746895e-06,8.47244315766031e-06,0.0001223979396652,0.001266288669409,0.0052565392753119,0.0278874754585028
158,159,2020-07-24,0.0033411006533939,4.68121111592869e-07,5.99629864746895e-06,8.47244315766031e-06,0.0001223979396652,0.001266288669409,0.0052565392753119,0.0278874754585028
159,160,2020-07-25,0.0033423430047307,4.68121111592869e-07,5.99629864746895e-06,8.47244315766031e-06,0.0001223979396652,0.001266288669409,0.0052565392753119,0.0278874754585028
160,161,2020-07-26,0.003345255843982,4.68121111592869e-07,5.99629864746895e-06,8.47244315766031e-06,0.0001223979396652,0.001266288669409,0.0052565392753119,0.0278874754585028
161,162,2020-07-27,0.0033487309477673,4.68121111592869e-07,5.99629864746895e-06,8.47244315766031e-06,0.0001223979396652,0.001266288669409,0.0052565392753119,0.0278874754585028
162,163,2020-07-28,0.0033426400772,4.68121111592869e-07,5.99629864746895e-06,8.47244315766031e-06,0.0001223979396652,0.001266288669409,0.0052565392753119,0.0278874754585028
163,164,2020-07-29,0.0033372516861373,4.68121111592869e-07,5.99629864746895e-06,8.47244315766031e-06,0.0001223979396652,0.001266288669409,0.0052565392753119,0.0278874754585028
164,165,2020-07-30,0.0033404905481085,4.68121111592869e-07,5.99629864746895e-06,8.47244315766031e-06,0.0001223979396652,0.001266288669409,0.0052565392753119,0.0278874754585028
165,166,2020-07-31,0.003341636008835,4.68121111592869e-07,5.99629864746894e-06,8.47244315766031e-06,0.0001223979396652,0.001266288669409,0.0052565392753119,0.0278874754585028
166,167,2020-08-01,0.0033436823299402,4.68121111592869e-07,5.99629864746895e-06,8.47244315766031e-06,0.0001223979396652,0.001266288669409,0.0052565392753119,0.0278874754585028
167,168,2020-08-02,0.0033446841538263,4.68121111592869e-07,5.99629864746895e-06,8.47244315766031e-06,0.0001223979396652,0.001266288669409,0.0052565392753119,0.0278874754585028
168,169,2020-08-03,0.0033456167436985,4.68121111592869e-07,5.99629864746894e-06,8.47244315766031e-06,0.0001223979396652,0.001266288669409,0.0052565392753119,0.0278874754585028
169,170,2020-08-04,0.0033037172364877,4.68121111592869e-07,5.99629864746895e-06,8.47244315766031e-06,0.0001223979396652,0.001266288669409,0.0052565392753119,0.0278874754585028
170,171,2020-08-05,0.0032614392386359,4.68121111592869e-07,5.99629864746895e-06,8.47244315766031e-06,0.0001223979396652,0.001266288669409,0.0052565392753119,0.0278874754585028
171,172,2020-08-06,0.0032623427321016,4.68121111592869e-07,5.99629864746895e-06,8.47244315766031e-06,0.0001223979396652,0.001266288669409,0.0052565392753119,0.0278874754585028
172,173,2020-08-07,0.0032623866294626,4.68121111592869e-07,5.99629864746894e-06,8.47244315766031e-06,0.0001223979396652,0.001266288669409,0.0052565392753119,0.0278874754585028
173,174,2020-08-08,0.003261278706117,4.68121111592869e-07,5.99629864746895e-06,8.47244315766031e-06,0.0001223979396652,0.001266288669409,0.0052565392753119,0.0278874754585028
174,175,2020-08-09,0.0032604484466142,4.68121111592869e-07,5.99629864746895e-06,8.47244315766031e-06,0.0001223979396652,0.001266288669409,0.0052565392753119,0.0278874754585028
175,176,2020-08-10,0.0032590088996428,4.68121111592869e-07,5.99629864746895e-06,8.47244315766031e-06,0.0001223979396652,0.001266288669409,0.0052565392753119,0.0278874754585028
176,177,2020-08-11,0.0032805089772065,4.68121111592869e-07,5.99629864746895e-06,8.47244315766031e-06,0.0001223979396652,0.001266288669409,0.0052565392753119,0.0278874754585028
177,178,2020-08-12,0.0033017952774146,4.68121111592869e-07,5.99629864746895e-06,8.47244315766031e-06,0.0001223979396652,0.001266288669409,0.0052565392753119,0.0278874754585028
178,179,2020-08-13,0.0033020284532638,4.68121111592869e-07,5.99629864746895e-06,8.47244315766031e-06,0.0001223979396652,0.001266288669409,0.0052565392753119,0.0278874754585028
179,180,2020-08-14,0.0033038621520596,4.68121111592869e-07,5.99629864746895e-06,8.47244315766031e-06,0.0001223979396652,0.001266288669409,0.0052565392753119,0.0278874754585028
180,181,2020-08-15,0.0033073127323988,4.68121111592869e-07,5.99629864746895e-06,8.47244315766031e-06,0.0001223979396652,0.001266288669409,0.0052565392753119,0.0278874754585028
181,182,2020-08-16,0.0033113948468357,4.68121111592869e-07,5.99629864746895e-06,8.47244315766031e-06,0.0001223979396652,0.001266288669409,0.0052565392753119,0.0278874754585028
182,183,2020-08-17,0.003315817864509,4.68121111592869e-07,5.99629864746895e-06,8.47244315766031e-06,0.0001223979396652,0.001266288669409,0.0052565392753119,0.0278874754585028
183,184,2020-08-18,0.0033377367436891,4.68121111592869e-07,5.99629864746895e-06,8.47244315766031e-06,0.0001223979396652,0.001266288669409,0.0052565392753119,0.0278874754585028
184,185,2020-08-19,0.0033600637737914,4.68121111592869e-07,5.99629864746895e-06,8.47244315766031e-06,0.0001223979396652,0.001266288669409,0.0052565392753119,0.0278874754585028
185,186,2020-08-20,0.0033644115771129,4.68121111592869e-07,5.99629864746895e-06,8.47244315766031e-06,0.0001223979396652,0.001266288669409,0.0052565392753119,0.0278874754585028
186,187,2020-08-21,0.003370546114027,4.68121111592869e-07,5.99629864746895e-06,8.47244315766031e-06,0.0001223979396652,0.001266288669409,0.0052565392753119,0.0278874754585028
187,188,2020-08-22,0.003377652446002,4.68121111592869e-07,5.99629864746895e-06,8.47244315766031e-06,0.0001223979396652,0.001266288669409,0.0052565392753119,0.0278874754585028
188,189,2020-08-23,0.0033850821926247,4.68121111592869e-07,5.99629864746894e-06,8.47244315766031e-06,0.0001223979396652,0.001266288669409,0.0052565392753119,0.0278874754585028
189,190,2020-08-24,0.0033926072400864,4.68121111592869e-07,5.99629864746895e-06,8.47244315766031e-06,0.0001223979396652,0.001266288669409,0.0052565392753119,0.0278874754585028
190,191,2020-08-25,0.0034333965623371,4.68121111592869e-07,5.99629864746895e-06,8.47244315766031e-06,0.0001223979396652,0.001266288669409,0.0052565392753119,0.0278874754585028
191,192,2020-08-26,0.0034729822247218,4.68121111592869e-07,5.99629864746895e-06,8.47244315766031e-06,0.0001223979396652,0.001266288669409,0.0052565392753119,0.0278874754585028
192,193,2020-08-27,0.0034798054683584,4.68121111592869e-07,5.99629864746895e-06,8.47244315766031e-06,0.0001223979396652,0.001266288669409,0.0052565392753119,0.0278874754585028
193,194,2020-08-28,0.0034886150713228,4.68121111592869e-07,5.99629864746895e-06,8.47244315766031e-06,0.0001223979396652,0.001266288669409,0.0052565392753119,0.0278874754585028
194,195,2020-08-29,0.0034986877063905,4.68121111592869e-07,5.99629864746895e-06,8.47244315766031e-06,0.0001223979396652,0.001266288669409,0.0052565392753119,0.0278874754585028
195,196,2020-08-30,0.003508239145473,4.68121111592869e-07,5.99629864746895e-06,8.47244315766031e-06,0.0001223979396652,0.001266288669409,0.0052565392753119,0.0278874754585028
196,197,2020-08-31,0.0035174651382152,4.68121111592869e-07,5.99629864746895e-06,8.47244315766031e-06,0.0001223979396652,0.001266288669409,0.0052565392753119,0.0278874754585028
197,198,2020-09-01,0.0034368146666999,4.68121111592869e-07,5.99629864746895e-06,8.47244315766031e-06,0.0001223979396652,0.001266288669409,0.0052565392753119,0.0278874754585028
198,199,2020-09-02,0.0033605988206493,4.68121111592869e-07,5.99629864746895e-06,8.47244315766031e-06,0.0001223979396652,0.001266288669409,0.0052565392753119,0.0278874754585028
199,200,2020-09-03,0.0033674712206284,4.68121111592869e-07,5.99629864746895e-06,8.47244315766031e-06,0.0001223979396652,0.001266288669409,0.0052565392753119,0.0278874754585028
200,201,2020-09-04,0.0033714796001333,4.68121111592869e-07,5.99629864746895e-06,8.47244315766031e-06,0.0001223979396652,0.001266288669409,0.0052565392753119,0.0278874754585028
201,202,2020-09-05,0.003373376028357,4.68121111592869e-07,5.99629864746895e-06,8.47244315766031e-06,0.0001223979396652,0.001266288669409,0.0052565392753119,0.0278874754585028
202,203,2020-09-06,0.0033737463262283,4.68121111592869e-07,5.99629864746895e-06,8.47244315766031e-06,0.0001223979396652,0.001266288669409,0.0052565392753119,0.0278874754585028
203,204,2020-09-07,0.003373681541486,4.68121111592869e-07,5.99629864746895e-06,8.47244315766031e-06,0.0001223979396652,0.001266288669409,0.0052565392753119,0.0278874754585028
204,205,2020-09-08,0.0032664244698707,4.68121111592869e-07,5.99629864746895e-06,8.47244315766031e-06,0.0001223979396652,0.001266288669409,0.0052565392753119,0.0278874754585028
205,206,2020-09-09,0.0031622236719351,4.68121111592869e-07,5.99629864746895e-06,8.47244315766031e-06,0.0001223979396652,0.001266288669409,0.0052565392753119,0.0278874754585028
206,207,2020-09-10,0.003162084422508,4.68121111592869e-07,5.99629864746895e-06,8.47244315766031e-06,0.0001223979396652,0.001266288669409,0.0052565392753119,0.0278874754585028
207,208,2020-09-11,0.0031575511739218,4.68121111592869e-07,5.99629864746895e-06,8.47244315766031e-06,0.0001223979396652,0.001266288669409,0.0052565392753119,0.0278874754585028
208,209,2020-09-12,0.0031500833243342,4.68121111592869e-07,5.99629864746895e-06,8.47244315766031e-06,0.0001223979396652,0.001266288669409,0.0052565392753119,0.0278874754585028
209,210,2020-09-13,0.0032937800292644,4.82829329860921e-07,6.20636877415935e-06,8.82321891804501e-06,0.0001278609105268,0.001332063056687,0.005525352515902,0.0292488016238813
210,211,2020-09-14,0.0034433937207963,5.02806170539058e-07,6.44127650923457e-06,9.19516537189766e-06,0.0001334808963879,0.0013998815897203,0.0058063731513179,0.030675812462784
211,212,2020-09-15,0.003597301557205,5.19046037609071e-07,6.69594712843025e-06,9.57030431698368e-06,0.000139661793323,0.0014721420621612,0.0060979489365792,0.0321728441241375
212,213,2020-09-16,0.0037584212378694,5.35810502255138e-07,6.96602759841507e-06,9.97483599238354e-06,0.0001457663799018,0.0015475632782112,0.0064071207415678,0.0337362644023468
213,214,2020-09-17,0.0039331931758699,5.53116513173782e-07,7.22489965075321e-06,1.03901057986694e-05,0.0001519732580932,0.0016274190782602,0.0067318724808399,0.0353697276625961
214,215,2020-09-18,0.0041164293076846,5.72085963629181e-07,7.50388509426057e-06,1.07996687414113e-05,0.0001586359576858,0.001709300432147,0.007074015850497,0.0370848905300569
215,216,2020-09-19,0.0043090005255883,5.94213199618648e-07,7.78417291452728e-06,1.12182710471374e-05,0.000165704304141,0.0017961976366455,0.0074306314863522,0.0388755952759737
216,217,2020-09-20,0.0045117294795742,6.16022037496953e-07,8.08710098635055e-06,1.16943784809642e-05,0.0001728234850179,0.001888053844834,0.0078031286326538,0.0407529722347814
217,218,2020-09-21,0.0047246772227727,6.41402454272112e-07,8.39040075647953e-06,1.21650344488978e-05,0.0001802997450793,0.0019846356936112,0.0081929361783827,0.0427101626109506
218,219,2020-09-22,0.0048021980330766,6.66384754602494e-07,8.69275839996945e-06,1.2675298041483e-05,0.0001879568295183,0.0020866012455259,0.0086053422936781,0.0447598179363758
219,220,2020-09-23,0.0048856868468957,6.92340392650129e-07,8.99801252500258e-06,1.31986038673423e-05,0.0001963692792771,0.0021928533679927,0.0090395838502659,0.0469029459704106
220,221,2020-09-24,0.005112542695919,7.18501481221924e-07,9.330056261356e-06,1.37660993196127e-05,0.0002048487914237,0.0023025254934577,0.0094910480402656,0.0491514517527575
221,222,2020-09-25,0.0053362464253246,7.40629181268478e-07,9.6924615688172e-06,1.43149681652867e-05,0.0002133704970171,0.0024195433125742,0.0099668973801069,0.0515014652461694
222,223,2020-09-26,0.0055610220040314,7.63438624929953e-07,1.00778829459151e-05,1.48888879290219e-05,0.0002228234969297,0.0025435022151648,0.0104679779068983,0.0539543555924883
223,224,2020-09-27,0.0057917803095603,7.86950825949891e-07,1.04477279986409e-05,1.54910076505628e-05,0.0002324110495415,0.0026721996665823,0.0109914937185513,0.0565122461261929
224,225,2020-09-28,0.0060319998959805,8.11276627998128e-07,1.0813253496527e-05,1.61019629160365e-05,0.0002419378030938,0.0028095560152203,0.0115474836518033,0.0591945010106529
225,226,2020-09-29,0.006299755352515,8.40106679887824e-07,1.11641270644799e-05,1.67299210290445e-05,0.0002521081859466,0.0029533212294474,0.0121172352720344,0.0619875746616068
226,227,2020-09-30,0.0065833061916034,8.73042498378265e-07,1.15572928800525e-05,1.73193553856337e-05,0.0002629433470492,0.003101023949256,0.0127196661711721,0.0649122701172352
227,228,2020-10-01,0.0068662574261889,9.07457765254124e-07,1.1952360004281e-05,1.79703054771646e-05,0.0002737388897766,0.0032546594425848,0.0133572247383975,0.0679543980629355
228,229,2020-10-02,0.0071646015476991,9.41898391532502e-07,1.23568417105085e-05,1.86541877212008e-05,0.000285368076398,0.0034173244542376,0.0140161510640144,0.0711297365341461
229,230,2020-10-03,0.0074789318950604,9.801758056611e-07,1.27832894527823e-05,1.93659854231591e-05,0.0002967813669016,0.003585163778392,0.0147012547967848,0.0744360490745125
230,231,2020-10-04,0.0078082542342546,1.01861816180522e-06,1.32074528811261e-05,2.01104691020201e-05,0.0003083162363065,0.0037605941214996,0.0154144116379854,0.0778939773385446
231,232,2020-10-05,0.0081546539635093,1.05166520176523e-06,1.37050514120687e-05,2.08428893238517e-05,0.0003199657349391,0.0039421273199871,0.0161656201589254,0.0815009009266218
232,233,2020-10-06,0.0086572838086663,1.08458394345099e-06,1.42072618721127e-05,2.16455120494804e-05,0.0003310216447908,0.0041358495131507,0.0169471224306498,0.0852491690092595
233,234,2020-10-07,0.0091891669469237,1.12086373817354e-06,1.47138782512441e-05,2.24577919828428e-05,0.0003427455038271,0.0043338838819124,0.017762462948765,0.0891405565831844
234,235,2020-10-08,0.0096057808061475,1.15322033212067e-06,1.5159492600261e-05,2.32310726957258e-05,0.000354470881949,0.0045380829521946,0.0186074695738438,0.0932008723102479
235,236,2020-10-09,0.0100488525619837,1.19401721492697e-06,1.56361856710285e-05,2.39954207934685e-05,0.0003666205508848,0.0047545863151014,0.0194908852021765,0.0974413328889901
236,237,2020-10-10,0.0105179819714973,1.2377314296384e-06,1.61579109883625e-05,2.47554222699827e-05,0.0003787311126408,0.0049776124590381,0.0204078323563029,0.101849780563861
237,238,2020-10-11,0.0110106997592709,1.28533814261145e-06,1.678184726804e-05,2.56042202760641e-05,0.0003906206239282,0.0052063767378146,0.0213612554602608,0.106440651271211
238,239,2020-10-12,0.0115256416392409,1.33007600524588e-06,1.73789192733577e-05,2.64447351083243e-05,0.0004024712504604,0.005445304135183,0.022356446711131,0.111203225787504
239,240,2020-10-13,0.0114540355119907,1.33007600524588e-06,1.73789192733577e-05,2.64447351083243e-05,0.0004024712504604,0.005445304135183,0.022356446711131,0.111203225787504
240,241,2020-10-14,0.0113821386436199,1.33007600524588e-06,1.73789192733577e-05,2.64447351083243e-05,0.0004024712504604,0.005445304135183,0.022356446711131,0.111203225787504
241,242,2020-10-15,0.0113961136782348,1.33007600524588e-06,1.73789192733577e-05,2.64447351083243e-05,0.0004024712504604,0.005445304135183,0.022356446711131,0.111203225787504
242,243,2020-10-16,0.0114007171734338,1.33007600524588e-06,1.73789192733577e-05,2.64447351083243e-05,0.0004024712504604,0.005445304135183,0.022356446711131,0.111203225787504
243,244,2020-10-17,0.0113987853207174,1.33007600524588e-06,1.73789192733577e-05,2.64447351083243e-05,0.0004024712504604,0.005445304135183,0.022356446711131,0.111203225787504
244,245,2020-10-18,0.0113919160598604,1.33007600524588e-06,1.73789192733577e-05,2.64447351083243e-05,0.0004024712504604,0.005445304135183,0.022356446711131,0.111203225787504
245,246,2020-10-19,0.0113859334321037,1.33007600524588e-06,1.73789192733577e-05,2.64447351083243e-05,0.0004024712504604,0.005445304135183,0.022356446711131,0.111203225787504
246,247,2020-10-20,0.0116638056923086,1.33007600524588e-06,1.73789192733577e-05,2.64447351083243e-05,0.0004024712504604,0.005445304135183,0.022356446711131,0.111203225787504
247,248,2020-10-21,0.0119613262787373,1.33007600524588e-06,1.73789192733577e-05,2.64447351083243e-05,0.0004024712504604,0.005445304135183,0.022356446711131,0.111203225787504
248,249,2020-10-22,0.0119647253557655,1.33007600524588e-06,1.73789192733577e-05,2.64447351083243e-05,0.0004024712504604,0.005445304135183,0.022356446711131,0.111203225787504
249,250,2020-10-23,0.0119836012824692,1.33007600524588e-06,1.73789192733577e-05,2.64447351083243e-05,0.0004024712504604,0.005445304135183,0.022356446711131,0.111203225787504
250,251,2020-10-24,0.0120143345299939,1.33007600524588e-06,1.73789192733577e-05,2.64447351083243e-05,0.0004024712504604,0.005445304135183,0.022356446711131,0.111203225787504
251,252,2020-10-25,0.0120500463660514,1.33007600524588e-06,1.73789192733577e-05,2.64447351083243e-05,0.0004024712504604,0.005445304135183,0.022356446711131,0.111203225787504
252,253,2020-10-26,0.0120874177063171,1.33007600524588e-06,1.73789192733577e-05,2.64447351083243e-05,0.0004024712504604,0.005445304135183,0.022356446711131,0.111203225787504
253,254,2020-10-27,0.0122265053695595,1.33007600524588e-06,1.73789192733577e-05,2.64447351083243e-05,0.0004024712504604,0.005445304135183,0.022356446711131,0.111203225787504
254,255,2020-10-28,0.0123627754507296,1.33007600524588e-06,1.73789192733577e-05,2.64447351083243e-05,0.0004024712504604,0.005445304135183,0.022356446711131,0.111203225787504
255,256,2020-10-29,0.0123925102932169,1.33007600524588e-06,1.73789192733577e-05,2.64447351083243e-05,0.0004024712504604,0.005445304135183,0.022356446711131,0.111203225787504
256,257,2020-10-30,0.0124160676700453,1.33007600524588e-06,1.73789192733577e-05,2.64447351083243e-05,0.0004024712504604,0.005445304135183,0.022356446711131,0.111203225787504
257,258,2020-10-31,0.0124349860949969,1.33007600524588e-06,1.73789192733577e-05,2.64447351083243e-05,0.0004024712504604,0.005445304135183,0.022356446711131,0.111203225787504
258,259,2020-11-01,0.0124513137017019,1.33007600524588e-06,1.73789192733577e-05,2.64447351083243e-05,0.0004024712504604,0.005445304135183,0.022356446711131,0.111203225787504
259,260,2020-11-02,0.0124661271570387,1.33007600524588e-06,1.73789192733577e-05,2.64447351083243e-05,0.0004024712504604,0.005445304135183,0.022356446711131,0.111203225787504
260,261,2020-11-03,0.0118307268695128,1.33007600524588e-06,1.73789192733577e-05,2.64447351083243e-05,0.0004024712504604,0.005445304135183,0.022356446711131,0.111203225787504
261,262,2020-11-04,0.0111537020336075,1.33007600524588e-06,1.73789192733577e-05,2.64447351083243e-05,0.0004024712504604,0.005445304135183,0.022356446711131,0.111203225787504
262,263,2020-11-05,0.0111511966131953,1.33007600524588e-06,1.73789192733577e-05,2.64447351083243e-05,0.0004024712504604,0.005445304135183,0.022356446711131,0.111203225787504
263,264,2020-11-06,0.0111138942511363,1.33007600524588e-06,1.73789192733577e-05,2.64447351083243e-05,0.0004024712504604,0.005445304135183,0.022356446711131,0.111203225787504
264,265,2020-11-07,0.011053246695979,1.33007600524588e-06,1.73789192733577e-05,2.64447351083243e-05,0.0004024712504604,0.005445304135183,0.022356446711131,0.111203225787504
265,266,2020-11-08,0.0109818831832151,1.33007600524588e-06,1.73789192733577e-05,2.64447351083243e-05,0.0004024712504604,0.005445304135183,0.022356446711131,0.111203225787504
266,267,2020-11-09,0.0109099542029536,1.33007600524588e-06,1.73789192733577e-05,2.64447351083243e-05,0.0004024712504604,0.005445304135183,0.022356446711131,0.111203225787504
267,268,2020-11-10,0.0104587939552885,1.33007600524588e-06,1.73789192733577e-05,2.64447351083243e-05,0.0004024712504604,0.005445304135183,0.022356446711131,0.111203225787504
268,269,2020-11-11,0.0099759314491992,1.33007600524588e-06,1.73789192733577e-05,2.64447351083243e-05,0.0004024712504604,0.005445304135183,0.022356446711131,0.111203225787504
269,270,2020-11-12,0.0099133037221587,1.33007600524588e-06,1.73789192733577e-05,2.64447351083243e-05,0.0004024712504604,0.005445304135183,0.022356446711131,0.111203225787504
270,271,2020-11-13,0.009836307508724,1.33007600524588e-06,1.73789192733577e-05,2.64447351083243e-05,0.0004024712504604,0.005445304135183,0.022356446711131,0.111203225787504
271,272,2020-11-14,0.0097507460556935,1.33007600524588e-06,1.73789192733577e-05,2.64447351083243e-05,0.0004024712504604,0.005445304135183,0.022356446711131,0.111203225787504
272,273,2020-11-15,0.009662163472461,1.33007600524588e-06,1.73789192733577e-05,2.64447351083243e-05,0.0004024712504604,0.005445304135183,0.022356446711131,0.111203225787504
273,274,2020-11-16,0.0095769223713196,1.33007600524588e-06,1.73789192733577e-05,2.64447351083243e-05,0.0004024712504604,0.005445304135183,0.022356446711131,0.111203225787504
274,275,2020-11-17,0.009472493177138,1.33007600524588e-06,1.73789192733577e-05,2.64447351083243e-05,0.0004024712504604,0.005445304135183,0.022356446711131,0.111203225787504
275,276,2020-11-18,0.0093747476129942,1.33007600524588e-06,1.73789192733577e-05,2.64447351083243e-05,0.0004024712504604,0.005445304135183,0.022356446711131,0.111203225787504
276,277,2020-11-19,0.0093146977312576,1.33007600524588e-06,1.73789192733577e-05,2.64447351083243e-05,0.0004024712504604,0.005445304135183,0.022356446711131,0.111203225787504
277,278,2020-11-20,0.0092653237290116,1.33007600524588e-06,1.73789192733577e-05,2.64447351083243e-05,0.0004024712504604,0.005445304135183,0.022356446711131,0.111203225787504
278,279,2020-11-21,0.0092283239131957,1.33007600524588e-06,1.73789192733577e-05,2.64447351083243e-05,0.0004024712504604,0.005445304135183,0.022356446711131,0.111203225787504
279,280,2020-11-22,0.0091987885771757,1.33007600524588e-06,1.73789192733577e-05,2.64447351083243e-05,0.0004024712504604,0.005445304135183,0.022356446711131,0.111203225787504
280,281,2020-11-23,0.0091740620796925,1.33007600524588e-06,1.73789192733577e-05,2.64447351083243e-05,0.0004024712504604,0.005445304135183,0.022356446711131,0.111203225787504
281,282,2020-11-24,0.0089258778388456,1.33007600524588e-06,1.73789192733577e-05,2.64447351083243e-05,0.0004024712504604,0.005445304135183,0.022356446711131,0.111203225787504
282,283,2020-11-25,0.008682806400413,1.33007600524588e-06,1.73789192733577e-05,2.64447351083243e-05,0.0004024712504604,0.005445304135183,0.022356446711131,0.111203225787504
283,284,2020-11-26,0.0086640554939437,1.33007600524588e-06,1.73789192733577e-05,2.64447351083243e-05,0.0004024712504604,0.005445304135183,0.022356446711131,0.111203225787504
284,285,2020-11-27,0.008634135053828,1.33007600524588e-06,1.73789192733577e-05,2.64447351083243e-05,0.0004024712504604,0.005445304135183,0.022356446711131,0.111203225787504
285,286,2020-11-28,0.0085958770365485,1.33007600524588e-06,1.73789192733577e-05,2.64447351083243e-05,0.0004024712504604,0.005445304135183,0.022356446711131,0.111203225787504
286,287,2020-11-29,0.0085551650343319,1.33007600524588e-06,1.73789192733577e-05,2.64447351083243e-05,0.0004024712504604,0.005445304135183,0.022356446711131,0.111203225787504
287,288,2020-11-30,0.008515256795608,1.33007600524588e-06,1.73789192733577e-05,2.64447351083243e-05,0.0004024712504604,0.005445304135183,0.022356446711131,0.111203225787504
288,289,2020-12-01,0.008827987978732,1.33007600524588e-06,1.73789192733577e-05,2.64447351083243e-05,0.0004024712504604,0.005445304135183,0.022356446711131,0.111203225787504
289,290,2020-12-02,0.0090924341437261,1.33007600524588e-06,1.73789192733577e-05,2.64447351083243e-05,0.0004024712504604,0.005445304135183,0.022356446711131,0.111203225787504
290,291,2020-12-03,0.0090665325410206,1.33007600524588e-06,1.73789192733577e-05,2.64447351083243e-05,0.0004024712504604,0.005445304135183,0.022356446711131,0.111203225787504
291,292,2020-12-04,0.0090581962240249,1.33007600524588e-06,1.73789192733577e-05,2.64447351083243e-05,0.0004024712504604,0.005445304135183,0.022356446711131,0.111203225787504
292,293,2020-12-05,0.0090630749918852,1.33007600524588e-06,1.73789192733577e-05,2.64447351083243e-05,0.0004024712504604,0.005445304135183,0.022356446711131,0.111203225787504
293,294,2020-12-06,0.0090748451270449,1.33007600524588e-06,1.73789192733577e-05,2.64447351083243e-05,0.0004024712504604,0.005445304135183,0.022356446711131,0.111203225787504
294,295,2020-12-07,0.0090889925549732,1.33007600524588e-06,1.73789192733577e-05,2.64447351083243e-05,0.0004024712504604,0.005445304135183,0.022356446711131,0.111203225787504
295,296,2020-12-08,0.0097766125111062,1.33007600524588e-06,1.73789192733577e-05,2.64447351083243e-05,0.0004024712504604,0.005445304135183,0.022356446711131,0.111203225787504
296,297,2020-12-09,0.0104256925711064,1.33007600524588e-06,1.73789192733577e-05,2.64447351083243e-05,0.0004024712504604,0.005445304135183,0.022356446711131,0.111203225787504
297,298,2020-12-10,0.0104401032537518,1.33007600524588e-06,1.73789192733577e-05,2.64447351083243e-05,0.0004024712504604,0.005445304135183,0.022356446711131,0.111203225787504
298,299,2020-12-11,0.0104761691751321,1.33007600524588e-06,1.73789192733577e-05,2.64447351083243e-05,0.0004024712504604,0.005445304135183,0.022356446711131,0.111203225787504
299,300,2020-12-12,0.0105283153639225,1.33007600524588e-06,1.73789192733577e-05,2.64447351083243e-05,0.0004024712504604,0.005445304135183,0.022356446711131,0.111203225787504
300,301,2020-12-13,0.0105850817286718,1.33007600524588e-06,1.73789192733577e-05,2.64447351083243e-05,0.0004024712504604,0.005445304135183,0.022356446711131,0.111203225787504
301,302,2020-12-14,0.0106414166509465,1.33007600524588e-06,1.73789192733577e-05,2.64447351083243e-05,0.0004024712504604,0.005445304135183,0.022356446711131,0.111203225787504
302,303,2020-12-15,0.0113089750371816,1.33007600524588e-06,1.73789192733577e-05,2.64447351083243e-05,0.0004024712504604,0.005445304135183,0.022356446711131,0.111203225787504
303,304,2020-12-16,0.0119762127152038,1.33007600524588e-06,1.73789192733577e-05,2.64447351083243e-05,0.0004024712504604,0.005445304135183,0.022356446711131,0.111203225787504
304,305,2020-12-17,0.0120212578527716,1.33007600524588e-06,1.73789192733577e-05,2.64447351083243e-05,0.0004024712504604,0.005445304135183,0.022356446711131,0.111203225787504
305,306,2020-12-18,0.0120805061315105,1.33007600524588e-06,1.73789192733577e-05,2.64447351083243e-05,0.0004024712504604,0.005445304135183,0.022356446711131,0.111203225787504
306,307,2020-12-19,0.0121515231891952,1.33007600524588e-06,1.73789192733577e-05,2.64447351083243e-05,0.0004024712504604,0.005445304135183,0.022356446711131,0.111203225787504
307,308,2020-12-20,0.0122236859624159,1.33007600524588e-06,1.73789192733577e-05,2.64447351083243e-05,0.0004024712504604,0.005445304135183,0.022356446711131,0.111203225787504
308,309,2020-12-21,0.0122929687312638,1.33007600524588e-06,1.73789192733577e-05,2.64447351083243e-05,0.0004024712504604,0.005445304135183,0.022356446711131,0.111203225787504
309,310,2020-12-22,0.0129909111476434,1.33007600524588e-06,1.73789192733577e-05,2.64447351083243e-05,0.0004024712504604,0.005445304135183,0.022356446711131,0.111203225787504
310,311,2020-12-23,0.0136982788863795,1.33007600524588e-06,1.73789192733577e-05,2.64447351083243e-05,0.0004024712504604,0.005445304135183,0.022356446711131,0.111203225787504
311,312,2020-12-24,0.0137712973014985,1.33007600524588e-06,1.73789192733577e-05,2.64447351083243e-05,0.0004024712504604,0.005445304135183,0.022356446711131,0.111203225787504
312,313,2020-12-25,0.0138757322384763,1.33007600524588e-06,1.73789192733577e-05,2.64447351083243e-05,0.0004024712504604,0.005445304135183,0.022356446711131,0.111203225787504
313,314,2020-12-26,0.0140009783051653,1.33007600524588e-06,1.73789192733577e-05,2.64447351083243e-05,0.0004024712504604,0.005445304135183,0.022356446711131,0.111203225787504
314,315,2020-12-27,0.0143637497270531,1.35249752613855e-06,1.76601723939091e-05,2.69532579996797e-05,0.0004115581777639,0.0055715978001362,0.0227000997743515,0.112991460969971
315,316,2020-12-28,0.0147314514438064,1.37622510017848e-06,1.79653670100577e-05,2.74884589916102e-05,0.000420542054569,0.0057001454871578,0.02305072295306,0.114812137992055
316,317,2020-12-29,0.0150183502217235,1.39803198199875e-06,1.82683972540556e-05,2.8046068611129e-05,0.0004299229170415,0.0058336561945151,0.0234031373573728,0.116661558782442
317,318,2020-12-30,0.0152942000875385,1.4201844041699e-06,1.86188976217395e-05,2.85999826549541e-05,0.0004394041717613,0.0059674440629489,0.0237545732073496,0.11852257080398
318,319,2020-12-31,0.015656575092736,1.44268784194844e-06,1.90197403177926e-05,2.91653769338971e-05,0.0004489722788859,0.0061026198363154,0.0241101718409511,0.120413685500139
319,320,2021-01-01,0.0160127653947855,1.46559222872501e-06,1.93922340985988e-05,2.97412194324368e-05,0.0004583307649073,0.0062407961128868,0.024468025166046,0.122325482059733
320,321,2021-01-02,0.016365424904693,1.49394516264568e-06,1.97830096499553e-05,3.03282438239634e-05,0.000467995786976,0.006383311767246,0.0248392232551276,0.124264315944899
321,322,2021-01-03,0.0167186334800029,1.52329103819511e-06,2.01570272784457e-05,3.09274675102493e-05,0.0004780797906527,0.0065277108483388,0.025217352186522,0.126230579265222
322,323,2021-01-04,0.0170749190012523,1.54649464074408e-06,2.0538487270926e-05,3.15133211898616e-05,0.0004880408751133,0.0066765409523238,0.0255894601000239,0.128235188647157
323,324,2021-01-05,0.0163569808867876,1.57717691534448e-06,2.09662955836222e-05,3.20443999111939e-05,0.0004975234521806,0.0068271154204491,0.0259804564398152,0.130223481586646
324,325,2021-01-06,0.0155436282889799,1.60896176557331e-06,2.13571715449933e-05,3.25967898965843e-05,0.0005075627205583,0.0069802766084536,0.0263559994379103,0.132041793755929
325,326,2021-01-07,0.0157105588090731,1.64138719150976e-06,2.17373971251075e-05,3.32116846356715e-05,0.0005172364266454,0.0071333412851497,0.0267490878183358,0.13376479403565
326,327,2021-01-08,0.0158461775634109,1.67446608035737e-06,2.21498486332397e-05,3.38333719776597e-05,0.0005275163757257,0.0072935628399126,0.0271306391277225,0.13553452104434
327,328,2021-01-09,0.015959352893758,1.70836958189014e-06,2.25573592375955e-05,3.45330167848239e-05,0.0005373070895805,0.0074586379790936,0.0275180110083371,0.137368838808099
328,329,2021-01-10,0.0160361093682437,1.74336890253187e-06,2.30025807990669e-05,3.51227551175619e-05,0.0005478459823397,0.0076238864725167,0.0279063628401033,0.139174823099213
329,330,2021-01-11,0.0161413859809725,1.77478191559169e-06,2.3459647498959e-05,3.57618421219351e-05,0.0005577423847323,0.0077898119564202,0.0283081113557296,0.141096588616794
330,331,2021-01-12,0.0155755657849588,1.80475508819032e-06,2.38708991344593e-05,3.64392953436473e-05,0.0005678998158406,0.0079550746901009,0.028710524032289,0.143076965129901
331,332,2021-01-13,0.0149232618520282,1.83863350947063e-06,2.42904462248794e-05,3.70598386624398e-05,0.00057825863652,0.0081246223159587,0.0291129806828581,0.145010509274402
332,333,2021-01-14,0.0150368857395296,1.87441445171134e-06,2.47173672567611e-05,3.76047216682473e-05,0.0005884037657312,0.0083011443627899,0.029512319331139,0.147052575980887
333,334,2021-01-15,0.0151821519500248,1.91089196081813e-06,2.52146184239528e-05,3.82332478735544e-05,0.0005985644511299,0.0084791841521774,0.0299201224302138,0.149273190585179
334,335,2021-01-16,0.0153274202773399,1.94160664288402e-06,2.57094818711327e-05,3.88934725584574e-05,0.0006086058959791,0.0086634868411456,0.0303290261562892,0.151567922774271
335,336,2021-01-17,0.0154703494674002,1.97150072504284e-06,2.61672273137661e-05,3.95356913399558e-05,0.0006186861683165,0.0088507337005045,0.0307520826510807,0.153878230549426
336,337,2021-01-18,0.0156183429828566,2.00724677387429e-06,2.66013397500309e-05,4.02619311574358e-05,0.0006292659717177,0.0090372957851747,0.0311725793796524,0.156240552737772
337,338,2021-01-19,0.0152667033951849,2.04558637960147e-06,2.70687766197403e-05,4.08927676893893e-05,0.0006392863861671,0.0092295455737386,0.0316053695225326,0.158590580106995
338,339,2021-01-20,0.0147844586871612,2.08465850064566e-06,2.75685030867132e-05,4.1645834928661e-05,0.0006493424026899,0.0094259731596681,0.0320307256872572,0.160800025773053
339,340,2021-01-21,0.0148546503825874,2.12447705324364e-06,2.80789790574858e-05,4.24693637642964e-05,0.0006597059677328,0.0096212923545099,0.0324648291782089,0.162887208366896
340,341,2021-01-22,0.014948027419435,2.1650563134227e-06,2.85899638257691e-05,4.32174024411052e-05,0.0006703147222488,0.0098176797528951,0.0328984671926527,0.165122534743992
341,342,2021-01-23,0.0150733416583005,2.20641081634182e-06,2.91150669578061e-05,4.39584357707563e-05,0.0006807717490768,0.0100232765390071,0.0333407941018713,0.167528520364116
342,343,2021-01-24,0.0151968552535172,2.24855537481366e-06,2.95885564405432e-05,4.47023354394856e-05,0.0006911377361561,0.0102308107914026,0.0337923818881386,0.169973806591134
343,344,2021-01-25,0.0153379896547178,2.29150508477716e-06,3.00781044448744e-05,4.55331114461511e-05,0.0007015107339878,0.0104409528415002,0.034237035590139,0.172511602098572
344,345,2021-01-26,0.0151306042052425,2.29150508586575e-06,3.00781044614648e-05,4.55313522214755e-05,0.0007014159937861,0.0104392239895735,0.0342354722335616,0.172462428745295
345,346,2021-01-27,0.0149083113001695,2.29150505899022e-06,3.00781043017221e-05,4.55284994679398e-05,0.0007012658335204,0.0104363484356119,0.034232130357308,0.172310796322289
346,347,2021-01-28,0.0147321274343915,2.29150497449788e-06,3.00781035935215e-05,4.55244402978883e-05,0.0007010665700282,0.0104324200180694,0.0342265879740892,0.171899236533707
347,348,2021-01-29,0.0144275945010315,2.29150495025799e-06,3.00781027832029e-05,4.55188821448052e-05,0.0007008173601454,0.0104272851475814,0.0342166993040778,0.170927010417162
348,349,2021-01-30,0.0140935451993531,2.29150487532843e-06,3.00781020037691e-05,4.55127956464565e-05,0.0007005573776345,0.010421935035984,0.0342042705206765,0.169755651038297
349,350,2021-01-31,0.0138269571583364,2.29150487503758e-06,3.00781019389215e-05,4.55076663835967e-05,0.0007003408901151,0.010417620972582,0.0341930139920407,0.168801275780337
350,351,2021-02-01,0.013678595507666,2.2915048747911e-06,3.00781018313109e-05,4.5503458440935e-05,0.0007001594713709,0.0104142677594985,0.0341870766216767,0.168340843902694
351,352,2021-02-02,0.0133684609276979,2.29150486771181e-06,3.00781013287704e-05,4.54973830757966e-05,0.0006999336259627,0.0104101568709367,0.0341798104670481,0.167945532143939
352,353,2021-02-03,0.0129559736292857,2.29150483695674e-06,3.00781010117769e-05,4.54901115692959e-05,0.0006996687031096,0.010405139951615,0.0341686097200486,0.167118929286098
353,354,2021-02-04,0.012661798701285,2.29150476701688e-06,3.00781004929381e-05,4.54823515744103e-05,0.0006993738830952,0.0103992508592665,0.0341518801424025,0.165794670234565
354,355,2021-02-05,0.0123243086546411,2.29150473644592e-06,3.00781002756799e-05,4.54736076749165e-05,0.0006990520248692,0.0103927303825842,0.0341307674318292,0.16419327313351
355,356,2021-02-06,0.0119544603449424,2.29150464543644e-06,3.00780994162895e-05,4.54639659380123e-05,0.0006987178302015,0.0103860464283342,0.0341107313069295,0.162312684691162
356,357,2021-02-07,0.0116485077810594,2.29150464377901e-06,3.00780988817867e-05,4.54558909410638e-05,0.0006984489000889,0.0103808920001724,0.0340973225478506,0.160710569742145
357,358,2021-02-08,0.011480819582364,2.29150464179616e-06,3.00780988663409e-05,4.54495424990506e-05,0.0006982288870142,0.0103768314829521,0.0340884253439372,0.15994532979482
358,359,2021-02-09,0.0116425616763993,2.29150463947468e-06,3.00780983855136e-05,4.54415239986752e-05,0.0006979598615359,0.0103718073498299,0.0340736608376731,0.158965191384819
359,360,2021-02-10,0.011644266738634,2.29150463707828e-06,3.00780969731992e-05,4.54325777717382e-05,0.0006976632240338,0.010366085477356,0.0340445964157863,0.156997724100013
360,361,2021-02-11,0.0112864948620407,2.29150463478577e-06,3.00780968224068e-05,4.54225212140042e-05,0.0006973364969505,0.0103596462841835,0.034003497503391,0.154837285542436
361,362,2021-02-12,0.0108726110448827,2.29150463242666e-06,3.00780961609792e-05,4.54119349650885e-05,0.0006969898780885,0.0103525379793572,0.0339445227103083,0.152073366619532
362,363,2021-02-13,0.0103801286590582,2.29150461009506e-06,3.00780953407527e-05,4.54007761672566e-05,0.0006966334793347,0.0103448743936381,0.033859580843779,0.148378569038159
363,364,2021-02-14,0.0099861369821446,2.29150454831731e-06,3.00780944910038e-05,4.53919843185282e-05,0.0006963513234575,0.0103387463898404,0.0337739988939881,0.145153271140523
364,365,2021-02-15,0.0098204457567148,2.29150452794697e-06,3.0078094254412e-05,4.53860028728902e-05,0.0006961612363451,0.0103347531192644,0.0337336319184001,0.14384422226539
365,366,2021-02-16,0.010085972078095,2.2915044619645e-06,3.0078094179323e-05,4.5379173747895e-05,0.0006959199588275,0.0103296314744134,0.0336865557872622,0.142442639679194
366,367,2021-02-17,0.0103099172405693,2.29150444597399e-06,3.00780936506548e-05,4.53714383848508e-05,0.0006956520805774,0.0103237945749571,0.0336291883970913,0.140973710872244
367,368,2021-02-18,0.0100858356411232,2.2915043747539e-06,3.00780925727153e-05,4.53626605571594e-05,0.000695382015686,0.0103177246684852,0.0335564472468024,0.139193617442713
368,369,2021-02-19,0.0097314057725592,2.29150420345202e-06,3.00780903982579e-05,4.53534893297082e-05,0.0006950882782135,0.010310629218183,0.0334345058088221,0.136027152404705
369,370,2021-02-20,0.0092860049274182,2.29150404794996e-06,3.00780890051174e-05,4.53442168244473e-05,0.0006947763612416,0.010302712645182,0.0332507363440349,0.131677542022773
370,371,2021-02-21,0.0089377204540357,2.29150386508208e-06,3.00780871820754e-05,4.53363335059964e-05,0.000694515318228,0.0102957101834581,0.0330461440145654,0.128161784405983
371,372,2021-02-22,0.0087361772927402,2.29150371375621e-06,3.00780840110128e-05,4.53304314842668e-05,0.000694312805019,0.0102903455908051,0.0328946468793355,0.126165917012682
372,373,2021-02-23,0.0089127914605866,2.29150360571399e-06,3.00780817180977e-05,4.53245105704915e-05,0.0006941082837327,0.0102848495795408,0.0327392693796659,0.124328950931505
373,374,2021-02-24,0.00906684972994,2.2915034865846e-06,3.00780811807167e-05,4.53178183878238e-05,0.0006938768254344,0.0102781558354664,0.032528908496447,0.122781946161081
374,375,2021-02-25,0.0088667570299342,2.29150345940847e-06,3.00780802051145e-05,4.53102227909489e-05,0.0006936099898537,0.0102699696710487,0.0322407539475103,0.121323914065763
375,376,2021-02-26,0.0086765156919298,2.29150341748726e-06,3.00780785611415e-05,4.53024327383781e-05,0.0006933290961842,0.010261101531451,0.0319121079252829,0.119957057818977
376,377,2021-02-27,0.0084970352036885,2.29150329571952e-06,3.00780772820323e-05,4.52945318741104e-05,0.000693038163465,0.0102515353280337,0.031535767295604,0.11873768188939
377,378,2021-02-28,0.0083386176693814,2.29150329276772e-06,3.0078075986972e-05,4.52871599693199e-05,0.0006927702221042,0.0102420255500447,0.0311345529915339,0.117798105347906
378,379,2021-03-01,0.0082504980586738,2.29150326220454e-06,3.0078074147434e-05,4.52827883535126e-05,0.0006926085823237,0.0102367748171398,0.0308940456441656,0.117276227596501
379,380,2021-03-02,0.0080608675872211,2.29150318896748e-06,3.00780725747208e-05,4.52772854031141e-05,0.0006924375914183,0.0102303025342543,0.0305990585596576,0.116649324790796
380,381,2021-03-03,0.0078566923361349,2.29150317376218e-06,3.00780703360219e-05,4.52709454946839e-05,0.0006922380355118,0.01022206705106,0.0302219929105756,0.115957488126774
381,382,2021-03-04,0.0077169937673323,2.29150309444114e-06,3.00780674861036e-05,4.5263843641374e-05,0.0006919977014496,0.010212864498803,0.029769439994378,0.115186979648984
382,383,2021-03-05,0.007562924308068,2.29150309216318e-06,3.00780650191448e-05,4.52560307552061e-05,0.000691723783305,0.0102018041092329,0.0292015015097766,0.114462092073836
383,384,2021-03-06,0.0074053270732198,2.29150309026397e-06,3.00780602521097e-05,4.52473162964316e-05,0.0006914197138404,0.0101886681705366,0.0285556153226911,0.11381898012476
384,385,2021-03-07,0.0072747125553513,2.29150308856708e-06,3.00780562573829e-05,4.52391221139815e-05,0.0006911437219811,0.0101766124109047,0.0279537452690997,0.113409514411059
385,386,2021-03-08,0.007204060301781,2.29150308694779e-06,3.00780561589309e-05,4.52345367381337e-05,0.0006909753113695,0.0101693997014071,0.0276593724209799,0.11322727807282
386,387,2021-03-09,0.0067517304079872,2.29150305041912e-06,3.00780561021334e-05,4.52281869593873e-05,0.0006907563723804,0.0101594063963533,0.0273032724244385,0.112981669343263
387,388,2021-03-10,0.0063364194564418,2.29150290558113e-06,3.00780556535671e-05,4.52189060246639e-05,0.0006904284536888,0.0101399514010499,0.0268596237791702,0.112730936652893
388,389,2021-03-11,0.0062458940249332,2.291502857919e-06,3.00780537487654e-05,4.52064822868524e-05,0.0006899830638709,0.0101118717242913,0.026398959401423,0.112471437659718
389,390,2021-03-12,0.0061546732795971,2.29150285697168e-06,3.00780515664403e-05,4.51941440601529e-05,0.0006895229223394,0.0100850189215579,0.0260130356010613,0.112233284267396
390,391,2021-03-13,0.0060691686812064,2.2915028369579e-06,3.0078050988359e-05,4.51826313374329e-05,0.0006890851205943,0.0100613189841085,0.0257161492117278,0.11205181348798
391,392,2021-03-14,0.0059927494285314,2.29150277002419e-06,3.00780502536165e-05,4.51726551921645e-05,0.000688699716497,0.010041423519913,0.0254851690179722,0.111942446726697
392,393,2021-03-15,0.0059342937644437,2.29150276926251e-06,3.00780489427512e-05,4.51675147340622e-05,0.0006884805225968,0.0100321766167071,0.0253735855304737,0.111881593171279
393,394,2021-03-16,0.0057445510467737,2.29150279547381e-06,3.00780488737257e-05,4.51603338121396e-05,0.0006882133466438,0.0100189122517916,0.0252381380864825,0.111773970533839
394,395,2021-03-17,0.0055534178920674,2.29150282198666e-06,3.00780467496517e-05,4.51469554761767e-05,0.0006877046193005,0.0099917050815826,0.0250553752195105,0.111606688380943
395,396,2021-03-18,0.0054842560877712,2.29150280683131e-06,3.00780420320515e-05,4.5128731227903e-05,0.0006869874710158,0.0099531502000772,0.0248217620458321,0.111400720073492
396,397,2021-03-19,0.0054146600784662,2.29150276116339e-06,3.00780378485972e-05,4.51082013864465e-05,0.0006861829604681,0.0099107718549531,0.0245870743604285,0.111191524366791
397,398,2021-03-20,0.0053492460574299,2.29150271453111e-06,3.00780316372106e-05,4.50875227066979e-05,0.0006853729814904,0.0098676157780867,0.0243785484493484,0.111009529678914
398,399,2021-03-21,0.0052960596680721,2.29150257488042e-06,3.00780293944099e-05,4.50718340065774e-05,0.0006847352145065,0.009834830423663,0.0242354534935822,0.110896514539317
399,400,2021-03-22,0.00525564261118,2.29150258125038e-06,3.00780287017313e-05,4.5065363577597e-05,0.0006844448356761,0.0098188865138403,0.0241684402138765,0.110839703725545
400,401,2021-03-23,0.0051819070255541,2.29150259048279e-06,3.00780280611571e-05,4.50593712012018e-05,0.0006841798808098,0.0098022857111247,0.0241108149774721,0.110727703944873
401,402,2021-03-24,0.0051027257698989,2.29150259955228e-06,3.00780278387526e-05,4.50521554967132e-05,0.0006838691688833,0.009781717315257,0.0240419333468175,0.110501970420892
402,403,2021-03-25,0.0050527113005018,2.29150260578877e-06,3.00780273211395e-05,4.50414834612751e-05,0.0006834257338005,0.0097538912328988,0.0239567606818738,0.110176284697089
403,404,2021-03-26,0.0050012756343184,2.2915026119678e-06,3.00780260054614e-05,4.50268130515429e-05,0.0006828168609072,0.0097154745468882,0.0238491534988747,0.109824438132716
404,405,2021-03-27,0.0049536722309314,2.29150261808452e-06,3.00780231261798e-05,4.50094034070469e-05,0.0006820962320758,0.0096705852890298,0.0237361563800223,0.109535666645131
405,406,2021-03-28,0.0049171687133277,2.29150262413934e-06,3.00780146644168e-05,4.49945971621638e-05,0.0006814804633689,0.0096302881451427,0.023647540551677,0.10938044145352
406,407,2021-03-29,0.0048940908241184,2.29150263014258e-06,3.00780141892499e-05,4.49887460391548e-05,0.0006812491931385,0.0096107527009639,0.0236169229525389,0.109324010857459
407,408,2021-03-30,0.0052194140213155,2.29150257329489e-06,3.00780133984764e-05,4.49823441816655e-05,0.0006809602052694,0.0095883736867801,0.0235727338061082,0.109175090705529
408,409,2021-03-31,0.0055718158956912,2.29150250858425e-06,3.00780125533044e-05,4.49748124373476e-05,0.0006806309117808,0.0095645275323834,0.0235354139004244,0.108878354631308
409,410,2021-04-01,0.0055346271662019,2.29150251277525e-06,3.0078009587399e-05,4.4966644175323e-05,0.0006803207659958,0.009537766049926,0.0234943338002526,0.108475921318791
410,411,2021-04-02,0.0055141951504037,2.29150248224786e-06,3.00780084709247e-05,4.49579015440584e-05,0.0006800298740929,0.0095120848012633,0.0234565982831739,0.108129978042947
411,412,2021-04-03,0.0054922398797076,2.29150238175507e-06,3.0078005982198e-05,4.49419022713503e-05,0.0006794381941183,0.0094617975728777,0.0233955863620568,0.107715302064936
412,413,2021-04-04,0.0054833457365017,2.29150236696405e-06,3.00780030958968e-05,4.4923994393605e-05,0.000678767289769,0.0094003338712989,0.0233349796122473,0.107508925239015
413,414,2021-04-05,0.0054893001840965,2.29150233090549e-06,3.00780025224735e-05,4.49145229515394e-05,0.000678406915982,0.0093600698776137,0.0233002404009138,0.107451461954078
414,415,2021-04-06,0.0055761462855198,2.29150229294898e-06,3.00780022402042e-05,4.49034488396365e-05,0.0006779375587878,0.0093034885591134,0.0232581513216231,0.107307368464843
415,416,2021-04-07,0.0056532391086086,2.2915022527717e-06,3.00780014879384e-05,4.48896629028876e-05,0.0006773858027293,0.009235967094387,0.0232137675938125,0.106963397412541
416,417,2021-04-08,0.0056195866918013,2.29150222764861e-06,3.00780000448932e-05,4.48746182044969e-05,0.0006767956807938,0.0091594900731766,0.0231691194623974,0.106469510945741
417,418,2021-04-09,0.0055821146742845,2.29150213895134e-06,3.00779963062188e-05,4.48580387808964e-05,0.000676140809453,0.009064948239034,0.0231204760719451,0.105943957725654
418,419,2021-04-10,0.0055422577215851,2.29150208591087e-06,3.00779950848444e-05,4.48397204489898e-05,0.0006753843888443,0.0089422629173496,0.0230711989391052,0.105462582537893
419,420,2021-04-11,0.005372162424141,2.18238850982191e-06,2.86599263042661e-05,4.27061629571754e-05,0.00064520318112,0.0084376007860384,0.0224394720942616,0.103357940684402
420,421,2021-04-12,0.0052331273307875,2.07885789651972e-06,2.73565572254578e-05,4.0570742366686e-05,0.0006140556818279,0.0080196748034187,0.0218470701505221,0.101483162899158
421,422,2021-04-13,0.0053384603179164,1.97959904887886e-06,2.60248977604433e-05,3.86205563190339e-05,0.0005845824433573,0.0076187156667182,0.0212492200837253,0.0994585404445784
422,423,2021-04-14,0.0053544154099665,1.88374071968013e-06,2.47783816848834e-05,3.67738361726753e-05,0.0005543968764455,0.0072384538451632,0.0206437330904648,0.0970536398537442
423,424,2021-04-15,0.005149192651435,1.7954598350456e-06,2.35813010398312e-05,3.50320660807608e-05,0.0005251730934777,0.00686480503378,0.020034602581791,0.094228232088541
424,425,2021-04-16,0.0049511447147037,1.70898818182501e-06,2.24651301465036e-05,3.33297691066109e-05,0.000496397886955,0.0065017165730931,0.0194355244898202,0.0913633952154896
425,426,2021-04-17,0.0047609263814831,1.62072978015193e-06,2.14070770374214e-05,3.14863458822419e-05,0.0004682754127684,0.0061448774022395,0.0188266219966932,0.0885241383876457
426,427,2021-04-18,0.0045833061924286,1.54503491280872e-06,2.03238321949613e-05,2.99101792452459e-05,0.0004420183373975,0.0057986514082847,0.0182408393903706,0.0858189919611153
427,428,2021-04-19,0.0044550729960052,1.47314148740517e-06,1.93090833476613e-05,2.83364451622845e-05,0.0004168970859655,0.0054988511645612,0.0176890114774634,0.0838496472164437
428,429,2021-04-20,0.0041517735395511,1.40480025295003e-06,1.83565956373745e-05,2.67936255222701e-05,0.0003922379801607,0.0052139250068779,0.0171378195476949,0.0817111818028997
429,430,2021-04-21,0.003830729377595,1.33958442186807e-06,1.74762644351385e-05,2.53540665618384e-05,0.0003696656646594,0.0049452034964781,0.0165816431029968,0.078836530220159
430,431,2021-04-22,0.0036238941333426,1.27589438619129e-06,1.6583035801351e-05,2.39379484097989e-05,0.0003484360176759,0.0046922749322502,0.0160304513026949,0.0752668229103453
431,432,2021-04-23,0.0034178279445443,1.21541522976844e-06,1.57380013705083e-05,2.26465688705762e-05,0.0003278930274822,0.0044596537077103,0.0154823965589283,0.0716935426493664
432,433,2021-04-24,0.0032664165779889,1.15726373801823e-06,1.49486851565102e-05,2.14137670187903e-05,0.0003086098985306,0.0042397752348835,0.0149919014075928,0.0692041457233223
433,434,2021-04-25,0.0031437006333419,1.10434171169406e-06,1.4157023579252e-05,2.02331354934919e-05,0.0002904143439424,0.0040344346379042,0.0145159864558727,0.0672959485168787
434,435,2021-04-26,0.0030505998741272,1.04959613053486e-06,1.34216271346855e-05,1.90708770471346e-05,0.0002735137763961,0.0038442943632954,0.0140768551860665,0.0659693096196895
435,436,2021-04-27,0.0029506796835902,1.00070745172997e-06,1.27773914268101e-05,1.80047246588268e-05,0.0002576577945891,0.0036614935007228,0.013642776481399,0.0645163941876468
436,437,2021-04-28,0.0028199855269646,9.48787632021706e-07,1.21362190924164e-05,1.70028120980596e-05,0.000242843487717,0.0034830108426701,0.013187618367441,0.0623581071883151
437,438,2021-04-29,0.0026455616380262,9.0640892586101e-07,1.15321153793902e-05,1.60224013909681e-05,0.00022889107739,0.003310568877123,0.0127070875046793,0.059126083293303
438,439,2021-04-30,0.002472482927913,8.63160694613667e-07,1.08978930807746e-05,1.51374543411612e-05,0.0002158120346554,0.003147068712725,0.0122488660809919,0.0558141550248498
439,440,2021-05-01,0.0023026036883305,8.18725881239657e-07,1.03493044754603e-05,1.4318602554399e-05,0.0002033517519248,0.0029918438251661,0.0117784338959372,0.0524521319187022
440,441,2021-05-02,0.0021511044100461,7.83061143519307e-07,9.79864277523613e-06,1.34887673891215e-05,0.0001910365185518,0.0028448596446938,0.0113244040931123,0.0494109283613076
441,442,2021-05-03,0.0020568307171675,7.4573570752659e-07,9.27926166478727e-06,1.27168869133844e-05,0.000179954902519,0.0027060956508702,0.0109453727545601,0.0476846899939198
442,443,2021-05-04,0.0019831942354817,7.10111375930853e-07,8.80208028908341e-06,1.20307036825514e-05,0.0001692980324786,0.0025759703199734,0.0105761682073489,0.0459603426284361
443,444,2021-05-05,0.0019021896931152,6.76319456082175e-07,8.33764432188659e-06,1.13436902901726e-05,0.0001592470662364,0.0024496860699878,0.0101911449770808,0.0440455602296381
444,445,2021-05-06,0.0017930552104768,6.42652456192124e-07,7.91034004930439e-06,1.0684092202715e-05,0.0001497972929077,0.0023223958452904,0.0097941377777196,0.0418822619649302
445,446,2021-05-07,0.0016715463119465,6.102714238698e-07,7.49473171086238e-06,1.00857861509865e-05,0.0001407266576435,0.0022005915315762,0.0093900677401661,0.039326423190863
446,447,2021-05-08,0.0015419279851568,5.79801594301407e-07,7.07264636590147e-06,9.52446129794549e-06,0.0001325435017194,0.0020825527712734,0.0089675512223077,0.0364424687237742
447,448,2021-05-09,0.0014312603699162,5.53461286414106e-07,6.70526165914959e-06,8.97157555096331e-06,0.0001247455852574,0.0019725451933541,0.0085594541843361,0.0340072770391203
448,449,2021-05-10,0.0013596390337757,5.26676804368199e-07,6.3486352846112e-06,8.45473175480665e-06,0.0001175188217083,0.0018723231670949,0.0082355944211012,0.0325642440900265
449,450,2021-05-11,0.0013592889129428,5.26676806865309e-07,6.34863489360191e-06,8.45399384975701e-06,0.0001174848030892,0.0018620361121746,0.0081607493058769,0.0316858794614333
450,451,2021-05-12,0.0011978603444175,5.26676483876264e-07,6.34862379240287e-06,8.39981562794749e-06,0.00011542801986,0.0016134634632382,0.0066487677924917,0.0281523333812299
451,452,2021-05-13,0.0010159755559889,5.26676158501949e-07,6.34861304067003e-06,8.34635022842932e-06,0.0001133652693204,0.0013610723755405,0.0051727811130213,0.0250854417071663
452,453,2021-05-14,0.0009941933634897,5.26676157796354e-07,6.34861326106044e-06,8.34599868439454e-06,0.0001132855284136,0.0013458801556056,0.0051291870725228,0.0247599098168477
453,454,2021-05-15,0.0009719119876085,5.26676157366195e-07,6.34861307665654e-06,8.3455126364241e-06,0.0001131846123807,0.0013297232790725,0.0050772524505019,0.0244282591638932
454,455,2021-05-16,0.0009516881353069,5.26676138532956e-07,6.34861257499057e-06,8.34501475293529e-06,0.0001130834306625,0.0013137368817402,0.005018796635297,0.0241360023798538
455,456,2021-05-17,0.0009402086822751,5.2667608235177e-07,6.34861232882184e-06,8.34461293064193e-06,0.0001130247104057,0.0013056417366613,0.0049846065847182,0.0239679027475463
456,457,2021-05-18,0.0009440104585337,5.26676066985521e-07,6.34861243539938e-06,8.34431682468719e-06,0.0001129459366122,0.0012977624143984,0.0049447846354018,0.0237923654398924
457,458,2021-05-19,0.0009457874078615,5.26676025737644e-07,6.34861218995202e-06,8.34400850910211e-06,0.0001128031178654,0.0012903114344222,0.0048957270926295,0.023610364059602
458,459,2021-05-20,0.0009314157285337,5.26676004543805e-07,6.34861138887154e-06,8.34361632880402e-06,0.000112611464465,0.0012821465117381,0.0048354612088556,0.0233946975539674
459,460,2021-05-21,0.0009186725981693,5.26675994344639e-07,6.34861127651846e-06,8.34325537168945e-06,0.0001123920670244,0.0012737663052699,0.0047683995533005,0.0231985006517676
460,461,2021-05-22,0.0009086933458747,5.26675964626738e-07,6.34861075041816e-06,8.34289523852678e-06,0.0001121620618428,0.0012644322214329,0.0047125041695693,0.0230456702474177
461,462,2021-05-23,0.0009017649010907,5.26675964600846e-07,6.34861032283794e-06,8.34272780114773e-06,0.0001119275282702,0.0012563352661041,0.0046656295739178,0.0229527796204519
462,463,2021-05-24,0.0008992938931282,5.26675964553616e-07,6.34861024228637e-06,8.34233468112266e-06,0.0001117694562005,0.0012516538453779,0.0046429199415425,0.0229110115874735
463,464,2021-05-25,0.0009070856506109,5.26675955786456e-07,6.34861027004892e-06,8.34227041531485e-06,0.0001115653342352,0.001247068209453,0.0046264300121034,0.0228337304320898
464,465,2021-05-26,0.0009117349738386,5.26675947615922e-07,6.34861023674784e-06,8.34237169339392e-06,0.0001112886599807,0.0012422680397362,0.0045831929842737,0.0227066499877726
465,466,2021-05-27,0.0009043908937214,5.26675940371035e-07,6.348609970629e-06,8.3423862458867e-06,0.0001110334937709,0.0012364348276212,0.0045319223660072,0.0225928945857271
466,467,2021-05-28,0.0008966729482089,5.26675918668183e-07,6.3486099162414e-06,8.34219214157957e-06,0.0001107938870272,0.0012308286194606,0.0044790458140513,0.02247009533802
467,468,2021-05-29,0.000890095062487,5.2667591636771e-07,6.34861006022989e-06,8.3420742775243e-06,0.0001105147205829,0.0012236655287948,0.0044307129682452,0.022361944081925
468,469,2021-05-30,0.0008850624528695,5.2667590491472e-07,6.34860985537401e-06,8.34216345640983e-06,0.0001101986632848,0.0012162684919648,0.0043871058092099,0.0222869576095128
469,470,2021-05-31,0.0008824749894541,5.2667587632247e-07,6.34860993608833e-06,8.34191173069422e-06,0.0001100002154281,0.0012117797861643,0.0043593869849515,0.0222344358668752
470,471,2021-06-01,0.0009147120898684,5.26675833466321e-07,6.34861011942711e-06,8.34142426651564e-06,0.0001097963101382,0.0012066413530265,0.0043342936810166,0.0221581530635944
471,472,2021-06-02,0.0009478539537371,5.26675771080728e-07,6.34861038949326e-06,8.34005417255701e-06,0.0001095034081894,0.0012008656111235,0.0043031430523288,0.0220697587760973
472,473,2021-06-03,0.0009442094440539,5.26675756525118e-07,6.34861064523402e-06,8.33741760801399e-06,0.0001090588166899,0.0011940684885812,0.00426423165273,0.0219671388959071
473,474,2021-06-04,0.0009416584940775,5.26675717324983e-07,6.3486103567478e-06,8.33433577914973e-06,0.0001085393752432,0.0011866991532854,0.004228183073437,0.0218771215484012
474,475,2021-06-05,0.0009405181222046,5.26675708554939e-07,6.3486097565864e-06,8.33125807090883e-06,0.000107955178253,0.0011786044902468,0.0041923454557131,0.0217912802648671
475,476,2021-06-06,0.0009406572707875,5.26675689359161e-07,6.34860895769573e-06,8.32796776919048e-06,0.0001073747972563,0.0011705678004723,0.0041645475388557,0.0217277365720121
476,477,2021-06-07,0.0009413970712796,5.26675686570785e-07,6.34860888006207e-06,8.32534792708426e-06,0.0001070513149838,0.0011656451867567,0.0041464834363504,0.0216817762769959
477,478,2021-06-08,0.0008977499056146,5.26675717326564e-07,6.34860880586056e-06,8.32316338467265e-06,0.0001067414151938,0.0011603441654972,0.0041194392994295,0.0216222047084558
478,479,2021-06-09,0.0008565550696045,5.26675734395256e-07,6.3486084752934e-06,8.31851500836505e-06,0.0001061614915097,0.0011537485735744,0.0040900622267298,0.0215354608507255
479,480,2021-06-10,0.0008562314621015,5.26675686168821e-07,6.34860775661598e-06,8.31192783679545e-06,0.0001053494864383,0.001146740720292,0.0040676350750618,0.0214423112795656
480,481,2021-06-11,0.000853628767227,5.26675661389853e-07,6.34860751554973e-06,8.30652480650508e-06,0.0001045722633663,0.0011385270248099,0.0040439804046839,0.0213486130116755
481,482,2021-06-12,0.0008499076198301,5.2667565956026e-07,6.34860733247394e-06,8.30256963555069e-06,0.0001039102177657,0.0011302777210005,0.0040225655663185,0.0212753659534037
482,483,2021-06-13,0.0008459052010867,5.26675650643784e-07,6.3486070612437e-06,8.29875817206492e-06,0.0001033356807498,0.0011229222398247,0.0039992466174854,0.0212218995143917
483,484,2021-06-14,0.0008426971729766,5.26675627658263e-07,6.34860669051049e-06,8.29578665213666e-06,0.0001029535766722,0.001118761096357,0.0039854561170517,0.0211757578985208
484,485,2021-06-15,0.0008468580955348,5.26675623421867e-07,6.34860569137814e-06,8.29359758508293e-06,0.0001025469345708,0.0011141207458666,0.003971522632274,0.0211257664266189
485,486,2021-06-16,0.0008515263072989,5.2667561893032e-07,6.34860512902687e-06,8.288980331823e-06,0.0001018603930016,0.001108246650217,0.0039538300159567,0.0210667986178856
486,487,2021-06-17,0.000848358915503,5.26675586670482e-07,6.34860469675487e-06,8.28314414391829e-06,0.0001010126231098,0.0011005281446784,0.0039316347432698,0.0209938110656478
487,488,2021-06-18,0.0008453868619446,5.26675491256934e-07,6.34860470414275e-06,8.27816577729186e-06,0.0001001463440676,0.0010902280806438,0.0039082258291223,0.0209180031934537
488,489,2021-06-19,0.0008435468367034,5.26675488892018e-07,6.34860442130186e-06,8.27471664681801e-06,9.94472375994946e-05,0.0010828417283819,0.0038912879786581,0.0208492406406994
