date,unique page views,ga:users,pageviews per subscriber,average
2020-03-01,74,30,2.466666666666667,
2020-03-02,31601,9956,3.174065889915629,
2020-03-03,28426,10083,2.8192006347317267,
2020-03-04,33763,10427,3.2380358684185286,
2020-03-05,40029,11713,3.4174848458977203,
2020-03-06,24169,9511,2.54116286405215,
2020-03-07,25185,8383,3.0042944053441487,2.95155873928951
2020-03-08,19104,7556,2.528321863419799,2.960366624539957
2020-03-09,36864,11158,3.3038178885104856,2.9789026243392227
2020-03-10,34409,10677,3.2227217383160065,3.0365484962798344
2020-03-11,38463,10940,3.51581352833638,3.0762310191252418
2020-03-12,49420,12327,4.00908574673481,3.16074543353054
2020-03-13,34298,10812,3.172216056233814,3.250895889556492
2020-03-14,34313,10700,3.206822429906542,3.279828464493977
2020-03-15,24680,8501,2.903187860251735,3.3333807497556824
2020-03-16,33418,10335,3.2334784712143203,3.3233322615705156
2020-03-17,35662,10848,3.2874262536873156,3.3325757637664166
2020-03-18,36903,10915,3.3809436555199266,3.3133086390783517
2020-03-19,54565,13036,4.18571647744707,3.3385416006086746
2020-03-20,41915,12315,3.4035728786033292,3.3715925752328912
2020-03-21,40293,12209,3.3002702924072405,3.384942269875848
2020-03-22,32518,9678,3.3599917338293035,3.4501999661012155
2020-03-23,49606,13232,3.7489419588875452,3.52383760719739
2020-03-24,48152,13164,3.6578547553934975,3.5767559645839877
2020-03-25,42294,11935,3.5436950146627564,3.6000061587472487
2020-03-26,57258,14290,4.006857942617215,3.574454939485841
2020-03-27,44812,12483,3.589842185372106,3.601064840452809
2020-03-28,45778,13255,3.453640135797812,3.6229748180800336
2020-03-29,29706,9699,3.0627899783482833,3.5805174244398876
2020-03-30,45891,13107,3.5012588693064775,3.5451341259283065
2020-03-31,42822,13035,3.285155350978136,3.491891353868969
2020-04-01,39247,12710,3.0878835562549174,3.426775431239278
2020-04-02,55487,15120,3.669775132275132,3.378620744047552
2020-04-03,42015,12740,3.2978806907378337,3.336911959099799
2020-04-04,39063,12292,3.177920598763423,3.297523453809172
2020-04-05,38235,10139,3.7710819607456356,3.398708022723079
2020-04-06,51541,14304,3.6032578299776286,3.413279302818958
2020-04-07,44906,13641,3.2919873909537425,3.4142553085297593
2020-04-08,37399,12645,2.957611704230921,3.3956450439549024
2020-04-09,46291,13427,3.447605570864676,3.36390653518198
2020-04-10,37862,11178,3.3871891214886385,3.376664882432095
2020-04-11,38827,11812,3.287080934642736,3.39225921612914
2020-04-12,29928,9393,3.186202491216864,3.3087050061964582
2020-04-13,30938,11010,2.8099909173478657,3.1953811615350634
2020-04-14,32746,10761,3.043025741102128,3.159815211556261
2020-04-15,36842,11689,3.1518521687056205,3.1875638493383613
2020-04-16,57381,14803,3.8763088563129093,3.248807175830966
2020-04-17,44604,13116,3.4007319304666055,3.2507418628278186
2020-04-18,39169,12414,3.1552279684227487,3.2319057247963916
2020-04-19,25955,9368,2.770602049530316,3.1725342331268847
2020-04-20,45065,12923,3.4871933761510485,3.26927744152734
2020-04-21,42400,12615,3.361078081648831,3.3147134901768687
2020-04-22,38759,12360,3.13584142394822,3.3124262409258107
2020-04-23,48441,14238,3.4022334597555837,3.244701184274765
2020-04-24,37026,12765,2.900587544065805,3.1732519862175077
2020-04-25,40231,13173,3.0540499506566463,3.158797983679493
2020-04-26,28105,9692,2.899814279818407,3.177256873720649
2020-04-27,39518,12732,3.103832862079799,3.1224910859961845
2020-04-28,41281,13101,3.1509808411571636,3.092477194497375
2020-04-29,47641,13365,3.5646090534979424,3.153729713004478
2020-04-30,60138,15308,3.9285340998170892,3.22891551872755
2020-05-01,40168,12632,3.1798606713109563,3.268811679762572
2020-05-02,40756,12691,3.2114096603892524,3.291291638295801
2020-05-03,27674,9672,2.861248966087676,3.28578230776284
2020-05-04,36738,12433,2.954878146867208,3.2645030627324694
2020-05-05,39891,12987,3.071610071610072,3.2531643813685998
2020-05-06,43764,13687,3.1974866661795867,3.200718326037406
2020-05-07,52555,14710,3.5727396329027874,3.1498905450496486
2020-05-08,44301,12821,3.4553466968255204,3.189245691551729
2020-05-09,41260,13472,3.062648456057007,3.167994090932837
2020-05-10,29596,10711,2.763140696480254,3.1539786238460623
2020-05-11,37803,13169,2.870605209203432,3.1419396327512374
2020-05-12,40657,13124,3.097912221883572,3.1456970827903086
2020-05-13,37228,12575,2.9604771371769383,3.111838578647073
2020-05-14,49060,14014,3.500784929356358,3.101559335283297
2020-05-15,41913,12581,3.331452189810031,3.0838601199953706
2020-05-16,38654,12826,3.013722126929674,3.0768706444057514
2020-05-17,25504,9306,2.7405974640017194,3.0736501826231035
2020-05-18,37370,12663,2.951117428729369,3.085151928269666
2020-05-19,39439,12995,3.034936514043863,3.076155398578279
2020-05-20,40062,12502,3.2044472884338506,3.111008277329266
2020-05-21,59497,14728,4.039720260727865,3.187999038953767
2020-05-22,44408,12752,3.482434127979925,3.209567887263752
2020-05-23,46238,13894,3.327911328631064,3.2544520589353794
2020-05-24,38437,11199,3.432181444771855,3.3532497704739703
2020-05-25,51013,13086,3.8982882469815068,3.4885598873671326
2020-05-26,62496,15769,3.963218973936204,3.621171667351753
2020-05-27,49243,14838,3.3187087208518666,3.6374947291257556
2020-05-28,68311,16356,4.176510149180729,3.6570361417618784
2020-05-29,47084,13679,3.4420644783975436,3.6512690489643953
2020-05-30,47445,14254,3.328539357373369,3.6513587673561534
2020-05-31,32986,10477,3.148420349336642,3.6108214680082655
2020-06-01,44559,13560,3.286061946902655,3.5233605679970017
2020-06-02,47572,15176,3.1346863468634685,3.4049987641294677
2020-06-03,47235,14304,3.3022231543624163,3.402643683202403
2020-06-04,67982,16509,4.117875098431159,3.3942672473810362
2020-06-05,54793,14345,3.8196584175670965,3.448209238690972
2020-06-06,51840,14432,3.5920177383592016,3.4858490074032344
2020-06-07,39455,11447,3.446754608194287,3.5284681872400405
2020-06-08,52756,15016,3.513319126265317,3.560933498577563
2020-06-09,49162,14311,3.435259590524771,3.6038725333863213
2020-06-10,51926,15122,3.433805052241767,3.6226699473690855
2020-06-11,74528,17583,4.238639595063414,3.6399220183165504
2020-06-12,51654,14814,3.486836776022681,3.5923760695244913
2020-06-13,46296,14331,3.2304793803642453,3.5407277326680684
2020-06-14,34476,11150,3.092017937219731,3.4900510653859897
2020-06-15,45457,14046,3.236295030613698,3.4504761945786155
2020-06-16,51431,14237,3.612488586078528,3.475794622514866
2020-06-17,52073,14440,3.606163434903047,3.500417248609335
2020-06-18,74655,17651,4.229505410458331,3.499112365094323
2020-06-19,48069,14498,3.3155607670023453,3.474644363805704
2020-06-20,42810,13677,3.1300723842948015,3.4603005072243547
2020-06-21,29230,10814,2.7029776216016277,3.404723319278911
2020-06-22,40629,27690,1.4672806067172264,3.1520069730079867
2020-06-23,51758,30446,1.699993430992577,2.8787933794242795
2020-06-24,43966,27582,1.5940105866144587,2.591342972525909
2020-06-25,72615,35258,2.0595325883487434,2.281346855081683
2020-06-26,51296,29908,1.7151263875886051,2.052713372308291
2020-06-27,55281,17248,3.205067254174397,2.063426925148234
2020-06-28,35316,11970,2.950375939849624,2.0987695420408046
2020-06-29,54858,14863,3.6909103142030544,2.4164309288244943
2020-06-30,51379,14898,3.448717948717949,2.666248717070976
2020-07-01,50688,14830,3.417936614969656,2.9268095782645753
2020-07-02,71261,17587,4.051913345084437,3.2114354006553887
2020-07-03,53512,14704,3.6392818280739934,3.4863147492961586
2020-07-04,52901,15389,3.437585288192865,3.5195316112987975
2020-07-05,32219,11481,2.806288650814389,3.498947712865192
2020-07-06,44451,13947,3.187137018713702,3.4269800992238557
2020-07-07,41999,13866,3.028919659599019,3.367008915064009
2020-07-08,38608,13468,2.8666468666468665,3.288253236732182
2020-07-09,63425,16003,3.963319377616697,3.2755969556653612
2020-07-10,41487,13123,3.16139602225101,3.2073275548335074
2020-07-11,37998,13504,2.8138329383886256,3.118220076290044
2020-07-12,27329,10547,2.59116336398976,3.0874878924579545
2020-07-13,37843,13238,2.858664450823387,3.040563239902195
2020-07-14,46891,13927,3.3669131902060747,3.088848029988917
2020-07-15,50579,13999,3.6130437888420603,3.1954761617310874
2020-07-16,64549,16965,3.8048334806955495,3.172835319313781
2020-07-17,41411,13562,3.0534581920070787,3.1574156292789337
2020-07-18,35195,13217,2.662858439888023,3.1358478437788477
2020-07-19,26091,10461,2.494121020934901,3.1219846519138676
2020-07-20,44278,14291,3.098313623959135,3.1562202480761172
2020-07-21,41721,14089,2.961246362410391,3.0982678441053055
2020-07-22,33842,13071,2.5890903526891593,2.9519887817977484
2020-07-23,56538,15878,3.560775916362262,2.9171234154644217
2020-07-24,44382,13180,3.3673748103186645,2.961968646651791
2020-07-25,35665,12913,2.7619453264152405,2.976123916155679
2020-07-26,27042,10410,2.5976945244956773,2.990920130950076
2020-07-27,43998,13777,3.1935835087464617,3.0045301144911223
2020-07-28,42035,13788,3.048665506237308,3.0170185636092532
2020-07-29,38600,13792,2.7987238979118327,3.0469662129267783
2020-07-30,58385,16010,3.646783260462211,3.059252976369628
2020-07-31,39497,13088,3.017802567237164,3.0093140845008426
2020-08-01,32819,11899,2.7581309353727206,3.008769171494768
2020-08-02,22402,9734,2.301417711115677,2.966443912440482
2020-08-03,38713,13489,2.869968122173623,2.9202131429300766
2020-08-04,38140,13138,2.9030293804231997,2.89940798209949
2020-08-05,40366,13184,3.061741504854369,2.9369819259484236
2020-08-06,55954,15539,3.6008752171954437,2.930423634053171
2020-08-07,40405,13066,3.092377162100107,2.94107714760502
2020-08-08,36016,13541,2.659774019644044,2.9270261596437805
2020-08-09,27736,10775,2.574106728538283,2.965981733561296
2020-08-10,36680,13299,2.7581021129408225,2.950000875099467
2020-08-11,38368,13415,2.8600819977636975,2.943865534719538
2020-08-12,44031,13963,3.1534054286328153,2.9569603809736016
2020-08-13,23581,10215,2.308467939304944,2.7723307698463877
2020-08-14,43148,13308,3.2422602945596632,2.793742645912038
2020-08-15,40280,13375,3.011588785046729,2.8440018981124218
2020-08-16,31360,10273,3.0526623186995034,2.912366982421168
2020-08-17,35027,12707,2.7565121586527113,2.912139846094295
2020-08-18,32450,12723,2.5504990961251277,2.867913717288785
2020-08-19,38342,13458,2.84901174022886,2.8244289046596482
2020-08-20,63712,15968,3.9899799599198396,3.0646449076046336
2020-08-21,42502,13416,3.1680083482409063,3.054037486701954
2020-08-22,39028,13105,2.9780999618466235,3.049253369101939
2020-08-23,27778,9929,2.797663410212509,3.0128249536037965
2020-08-24,34066,12700,2.6823622047244093,3.0022321030426107
2020-08-25,50711,14364,3.5304232804232805,3.142221272228061
2020-08-26,43697,13681,3.193991667275784,3.1915041189490507
2020-08-27,60347,16046,3.760874984419793,3.158774836734758
2020-08-28,43327,13049,3.3203310598513296,3.1805352241076754
2020-08-29,39073,12196,3.2037553296162677,3.2127717052176243
2020-08-30,29335,10065,2.914555389965226,3.229470559468013
2020-08-31,31706,10217,3.1032592737594205,3.2895987121873
2020-09-01,37074,12615,2.938882282996433,3.2050928554120364
2020-09-02,42074,13184,3.1912924757281553,3.2047072566195176
2020-09-03,66379,16163,4.106848976056425,3.254132112567608
2020-09-04,49945,14404,3.46743960011108,3.2751476183190014
2020-09-05,47612,14325,3.32369982547993,3.2922825462995244
2020-09-06,32401,10862,2.9829681458294974,3.3020557971372777
2020-09-07,48014,14810,3.2419986495611073,3.32187570796609
2020-09-08,48366,14779,3.27261655051086,3.369552031896722
2020-09-09,47306,14568,3.24725425590335,3.37754657192175
2020-09-10,63041,16371,3.850772707837029,3.340964247890408
2020-09-11,46702,14280,3.2704481792717086,3.3128226163419257
2020-09-12,37993,13730,2.7671522214129642,3.2333158157609314
2020-09-13,30393,11059,2.748259336287187,3.1997859858263147
2020-09-14,45762,14323,3.195001047266634,3.1930720426413903
2020-09-15,49140,14979,3.2805928299619467,3.194211511134403
2020-09-16,48813,14374,3.3959231946570196,3.215449930956356
2020-09-17,66696,17191,3.8797044965388867,3.2195830436280497
2020-09-18,47203,14191,3.326263124515538,3.2275566072343103
2020-09-19,44160,14383,3.0702913161371064,3.2708621921949024
2020-09-20,33469,11411,2.9330470598545264,3.297260438418809
2020-09-21,55536,16155,3.43769730733519,3.331931332714316
2020-09-22,55402,16081,3.445183757229028,3.355444322323899
2020-09-23,52138,15698,3.321314817174162,3.344785982683491
2020-09-24,64242,17513,3.6682464454976302,3.3145776896775976
2020-09-25,47119,15030,3.1349966733200265,3.2872539109353816
2020-09-26,38357,13952,2.7492115825688073,3.241385377568481
2020-09-27,32832,11128,2.9503953989935296,3.2438637117311964
2020-09-28,54981,15272,3.6001178627553694,3.267066648219793
2020-09-29,41173,13905,2.9610212153901476,3.1979005708142387
2020-09-30,50824,15205,3.34258467609339,3.2009391220884145
2020-10-01,72812,17542,4.150723976741535,3.2698644836946866
2020-10-02,59288,15461,3.834680809779445,3.3698193603317463
2020-10-03,48493,15551,3.118320365249823,3.4225491864290345
2020-10-04,34775,11919,2.917610537796795,3.4178656348295005
2020-10-05,47774,14797,3.228627424477935,3.3647955722184384
2020-10-06,44284,14363,3.0831998886026595,3.3822496683916548
2020-10-07,45979,14137,3.252387352337837,3.3693643364265755
2020-10-08,64754,16760,3.863603818615752,3.328347170980035
2020-10-09,44829,14176,3.162316591422122,3.2322951397861317
2020-10-10,37883,14267,2.655288427840471,3.1661477201562245
2020-10-11,26476,11116,2.3817920115149334,3.0896022164016728
2020-10-12,51604,15290,3.375016350555919,3.110514920127099
2020-10-13,51549,14871,3.4664111357676015,3.165259384007805
2020-10-14,54963,15479,3.5508107758899152,3.207891301658102
2020-10-15,72591,17973,4.038891670839592,3.232932423404365
2020-10-16,48701,14313,3.4025710892195904,3.2672544945182893
2020-10-17,45508,15173,2.9992750280102816,3.3163954373996907
2020-10-18,33010,11339,2.9111914630919835,3.3920239304821265
2020-10-19,48398,14860,3.2569313593539704,3.375154646024705
2020-10-20,58106,16374,3.548674728227678,3.386906587804716
2020-10-21,44851,14610,3.069883641341547,3.318202711440663
2020-10-22,64046,16879,3.794419100657622,3.2832780585575247
2020-10-23,45567,14119,3.2273532119838517,3.258246933238133
2020-10-24,43046,14748,2.9187686465961487,3.2467460216075428
2020-10-25,29273,11367,2.575261722530131,3.1987560586701353
2020-10-26,40802,14815,2.754100573742828,3.126923089297115
2020-10-27,51144,15945,3.2075258701787392,3.0781875381472665
2020-10-28,45943,15281,3.0065440743406846,3.069139028575715
2020-10-29,76612,18627,4.112954313630751,3.1146440590004474
2020-10-30,47940,14971,3.2021909024113286,3.1110494433472304
2020-10-31,57607,17261,3.337408029662244,3.1708550694995297
2020-11-01,48148,15136,3.181025369978858,3.257392733420776
2020-11-02,52738,16116,3.2724000992802185,3.33143552278326
2020-11-03,52916,16115,3.2836487744337575,3.34231022339112
2020-11-04,56089,16224,3.457162228796844,3.406684245456286
2020-11-05,75020,18067,4.152321912879836,3.4123081882061554
2020-11-06,52195,15567,3.352926061540438,3.4338417823674563
2020-11-07,47400,15573,3.0437295318821036,3.391887711256008
2020-11-08,34903,12723,2.743299536272892,3.329355449298013
2020-11-09,54625,15551,3.512635843354125,3.3636748413085713
2020-11-10,52021,15453,3.366401346016955,3.375496637249028
2020-11-11,54263,15492,3.502646527239866,3.38199439416946
2020-11-12,71174,18316,3.8858921161825726,3.343932994641279
2020-11-13,57710,16727,3.4501105996293417,3.3578165000825506
2020-11-14,49260,15726,3.132392216711179,3.3704825979152764
2020-11-15,38611,12472,3.0958146247594613,3.4208418962705
2020-11-16,50957,15524,3.2824658593146094,3.3879604699791406
2020-11-17,49679,15949,3.1148661358078877,3.352026868520703
2020-11-18,48304,15015,3.217049617049617,3.3112273099220952
2020-11-19,70056,18458,3.7954274569292448,3.29830378717162
2020-11-20,47861,15610,3.066047405509289,3.243437616583041
2020-11-21,37337,14389,2.594829383556884,3.1666429261324276
2020-11-22,30615,11379,2.6904824677036645,3.108738332267314
2020-11-23,42489,14546,2.9210092121545443,3.0571016683873045
2020-11-24,48552,15111,3.2130236251737143,3.071124166868137
2020-11-25,49153,14766,3.3287958824326154,3.0870879190657083
2020-11-26,65447,16966,3.8575386066250146,3.095960940450818
2020-11-27,55257,16389,3.3715907010799926,3.1396099826752044
2020-11-28,49572,16049,3.088790578852265,3.210175867717402
2020-11-29,32109,12276,2.6155913978494625,3.1994771434525155
2020-11-30,45948,15496,2.9651522973670623,3.205783298482875
2020-12-01,47528,14737,3.2250797312885933,3.2075055993564296
2020-12-02,46205,13864,3.332732256203116,3.208067938466501
2020-12-03,60853,16051,3.791227960874712,3.1985949890736007
2020-12-04,41302,12599,3.2781966822763713,3.185252986387369
2020-12-05,39784,12713,3.1293951073704083,3.191053633318532
2020-12-06,28348,10044,2.8223815213062524,3.220595079526645
2020-12-07,39146,13085,2.991669850974398,3.2243833014705503
2020-12-08,55515,15211,3.6496614292288476,3.285037829747729
2020-12-09,57100,15751,3.625166656085328,3.326814172588045
2020-12-10,68409,17494,3.9104264319195154,3.343842525594446
2020-12-11,51303,15721,3.2633420265886395,3.3417204319247698
2020-12-12,41481,14465,2.867680608365019,3.304332646352571
2020-12-13,33230,11427,2.908024853417345,3.316567408082728
2020-12-14,44950,14738,3.049938933369521,3.3248915627106017
2020-12-15,50572,15510,3.2606060606060607,3.2693122243359185
2020-12-16,45881,14396,3.1870658516254515,3.2067263951273643
2020-12-17,61963,16240,3.8154556650246305,3.1931591427138093
2020-12-18,50175,15288,3.2819858712715857,3.1958225490970875
2020-12-19,47951,16142,2.970573658778342,3.2105215562989904
2020-12-20,33996,12496,2.720550576184379,3.1837395166942812
2020-12-21,55905,15562,3.5924045752473974,3.261234608391121
2020-12-22,46538,13498,3.447770040005927,3.287972319733959
2020-12-23,47381,14453,3.27828132567633,3.301003101741227
2020-12-24,61840,15604,3.963086388105614,3.322093205038511
2020-12-25,33891,11063,3.063454759106933,3.2908744747292746
2020-12-26,55068,16544,3.32857833655706,3.3420180001262345
2020-12-27,40637,12290,3.3065093572009765,3.4257263974143197
2020-12-28,46620,12472,3.737973059653624,3.446521895186638
2020-12-29,50961,12912,3.946793680297398,3.5178109866568477
2020-12-30,56961,14243,3.9992276907954785,3.6208033245310114
2020-12-31,44521,13118,3.3938862631498705,3.5394890209659056
2021-01-01,39591,11880,3.3325757575757575,3.5779348778900237
2021-01-02,54592,16405,3.327765925022859,3.577818819099423
2021-01-03,40750,13177,3.0925096759505197,3.5472474360636435
2021-01-04,47402,15326,3.0929140023489494,3.4550961421629762
2021-01-05,65033,17360,3.7461405529953917,3.4264314096912614
2021-01-06,52779,16840,3.134144893111639,3.3028481528792843
2021-01-07,75956,18773,4.046023544452138,3.3960106216367505
2021-01-08,54769,16433,3.3328667924298667,3.3960521980444804
2021-01-09,61836,16601,3.7248358532618515,3.4527764735071935
2021-01-10,35596,12612,2.8223913732952743,3.4141881445564444
2021-01-11,54196,16554,3.273891506584511,3.440042073732953
2021-01-12,56603,16791,3.3710321005300456,3.386455151952189
2021-01-13,69491,18626,3.730860088048964,3.471700179800379
2021-01-14,75414,19207,3.926381006924559,3.4546083887250103
2021-01-15,20801,8897,2.337979094076655,3.312481574674551
2021-01-16,1197,646,1.8529411764705883,3.0450680494186564
2021-01-17,466,305,1.5278688524590165,2.860136260727763
2021-01-18,427,266,1.605263157894737,2.6217607823435096
2021-01-19,32502,13189,2.4643263325498523,2.492231386917768
2021-01-20,64867,17165,3.779027090008739,2.499112387197735
2021-01-21,81821,19292,4.241188057225793,2.5440848229550546
2021-01-22,54950,15950,3.445141065830721,2.702250818919921
2021-01-23,53053,15778,3.362466725820763,2.917897325969946
2021-01-24,43780,13934,3.141954930386106,3.1484810513881016
2021-01-25,57618,16782,3.4333214158026455,3.409632231089231
2021-01-26,68513,17417,3.9336854797037377,3.619540680682644
2021-01-27,65961,17769,3.712139118689853,3.609985256208517
2021-01-28,88054,20448,4.306240219092332,3.6192784221894505
2021-01-29,85098,19185,4.435652853792025,3.7607801061839234
2021-01-30,72365,17564,4.120075153723525,3.8690098815986036
2021-01-31,48522,15119,3.209339242013361,3.8786362118310684
2021-02-01,76276,18189,4.193523558194513,3.9872365178870495
2021-02-02,69352,18124,3.8265283601853897,3.9719283579558566
2021-02-03,67246,17560,3.829498861047836,3.988694035435569
2021-02-04,84776,20868,4.062488019934828,3.953872292698782
2021-02-05,69945,18014,3.8828133673809258,3.8748952232114826
2021-02-06,61843,16549,3.7369629584869175,3.820164909606253
2021-02-07,42824,14838,2.886103248416229,3.773988339092377
2021-02-08,61052,16962,3.5993397005070156,3.689104930851306
2021-02-09,59879,16823,3.559353266361529,3.6509370603050404
2021-02-10,63698,18203,3.4993133000054937,3.6037676944418484
2021-02-11,86519,20362,4.249042333758963,3.6304183107024395
2021-02-12,70754,18092,3.9107892991377406,3.6344148723819845
2021-02-13,56686,17228,3.2903413048525656,3.570611779005648
2021-02-14,45527,14400,3.1615972222222224,3.609968060977933
2021-02-15,75422,18908,3.9888935900148086,3.665618616621903
2021-02-16,68802,18764,3.666702195693882,3.6809541779550967
2021-02-17,67184,18646,3.6031320390432264,3.695785426389058
2021-02-18,85852,20836,4.120368592820119,3.677403463397795
2021-02-19,63616,18006,3.533044540708653,3.6234399264793535
2021-02-20,56199,16550,3.39570996978852,3.6384925928987757
2021-02-21,44919,14957,3.0032091997058235,3.6158657325392904
2021-02-22,63309,17706,3.5755676042019653,3.5568191631374555
2021-02-23,55664,18340,3.0351145038167937,3.466592350012157
2021-02-24,57870,18448,3.136925411968777,3.399991403287236
2021-02-25,75895,20343,3.7307673401169934,3.3443340814725038
2021-02-26,56909,17690,3.217015262860373,3.2991870417798923
2021-02-27,54012,16866,3.20241906794735,3.2715740558025823
2021-02-28,39681,14938,2.6563797027714555,3.2220269848119583
2021-03-01,65948,18141,3.635301251309189,3.230560362970133
2021-03-02,82033,19051,4.30596819064616,3.4121108896600427
2021-03-03,82865,20013,4.140558636886024,3.555487064648221
2021-03-04,97451,22009,4.427779544731701,3.6550602367360363
2021-03-05,66982,18100,3.7006629834254143,3.724152768245328
2021-03-06,59194,17696,3.3450497287522603,3.7445285769317436
2021-03-07,48000,15114,3.1758634378721715,3.8187405390889886
2021-03-08,91647,20136,4.551400476758046,3.949611857010254
2021-03-09,88697,21248,4.174369352409639,3.930812022976465
2021-03-10,88057,20923,4.2086220905223914,3.9405353734959463
2021-03-11,117351,24667,4.757408683666437,3.9876252504866225
2021-03-12,76623,20448,3.747212441314554,3.9942751730422144
2021-03-13,68341,19052,3.5870774721813983,4.0288505649606625
2021-03-14,62021,17260,3.5933371958285054,4.088489673240138
2021-03-15,69469,19655,3.534418722971254,3.9432065655563115
2021-03-16,73992,20615,3.5892311423720593,3.8596153926938
2021-03-17,91025,21285,4.276485788113695,3.869310206635415
2021-03-18,114302,23316,4.902298850574713,3.8900088019080257
2021-03-19,70909,18644,3.803314739326325,3.8980234159097074
2021-03-20,67444,18609,3.624267827395346,3.903336323797414
2021-03-21,51613,16617,3.106035987241981,3.833721865427911
2021-03-22,92390,22763,4.058779598471204,3.9086305619279034
2021-03-23,82920,21268,3.898815121309009,3.9528568446331818
2021-03-24,75566,20050,3.768877805486284,3.8803414185435514
2021-03-25,103824,22768,4.560084328882643,3.8314536297303983
2021-03-26,88148,21059,4.185763806448549,3.8860892107478593
2021-03-27,68602,19291,3.55616608781297,3.8763603908075197
2021-03-28,48868,16675,2.9306146926536734,3.851300205866333
2021-03-29,72487,19410,3.7345182895414735,3.8049771617335146
2021-03-30,70641,19481,3.62614855500231,3.766024795118272
2021-03-31,75042,20181,3.718448045191021,3.75882054364752
2021-04-01,76646,19686,3.893426800772122,3.663583753917446
2021-04-02,50575,15231,3.3205304970126717,3.5399789954266057
2021-04-03,58895,16409,3.5891888597720762,3.544696534277907
2021-04-04,48952,15288,3.2019884877027733,3.583464219284921
2021-04-05,57486,17836,3.2230320699708455,3.51039475934626
2021-04-06,70123,19647,3.569145416603044,3.5022514538606506
2021-04-07,78077,20921,3.7319917785956696,3.5041862729184574
2021-04-08,93021,21853,4.256669564819475,3.5560780963537937
2021-04-09,75433,19803,3.809170327728122,3.6258837864560007
2021-04-10,55578,17255,3.22097942625326,3.573282438810456
2021-04-11,58049,16648,3.4868452666987024,3.6139762643813027
2021-04-12,65723,18366,3.5785146466296416,3.6647594896182736
2021-04-13,70392,18882,3.7279949157928187,3.6874522752168133
2021-04-14,74380,19894,3.7388157233336683,3.688427124465098
2021-04-15,90721,21252,4.2688217579521925,3.6901631520554865
2021-04-16,76367,19187,3.980142805024235,3.714587791669217
2021-04-17,58802,17461,3.3676192657923374,3.7355363401747996
2021-04-18,41510,15387,2.6977318515630078,3.6228058522982716
2021-04-19,72108,19496,3.6986048420188755,3.639961594496733
2021-04-20,71054,18969,3.745795772049133,3.6425045739619213
2021-04-21,75890,19988,3.796778066840104,3.6507849087485553
2021-04-22,81263,19693,4.126491646778043,3.630452035723677
2021-04-23,66620,17584,3.7886715195632394,3.6030989949435344
2021-04-24,57445,17058,3.367628092390667,3.603100255886153
2021-04-25,46854,14913,3.1418225709112853,3.6665417872216213
2021-04-26,67505,18450,3.658807588075881,3.6608564652297653
2021-04-27,68396,18496,3.69788062283737,3.6540114439137987
2021-04-28,76524,19512,3.9218942189421893,3.671885179928382
2021-04-29,84636,20824,4.064348828275067,3.6630076344279567
2021-04-30,60869,17352,3.5078953434762563,3.6228967521298165
2021-05-01,47486,15657,3.0328926358817143,3.5750774011999664
2021-05-02,44539,14996,2.970058682315284,3.550539702829109
2021-05-03,41874,13502,3.101318323211376,3.470898379277037
2021-05-04,56421,16582,3.402544928235436,3.428707565762475
2021-05-05,72284,19160,3.772651356993737,3.4073871569126957
2021-05-06,81899,20036,4.0875923337991615,3.410707657701852
2021-05-07,74956,18203,4.117782783057738,3.497834434784921
2021-05-08,61811,18300,3.377650273224044,3.547085525833825
2021-05-09,60287,15976,3.773597896845268,3.6618768421952512
2021-05-10,79261,19670,4.029537366548043,3.794479562671918
2021-05-11,73326,19375,3.7845677419354837,3.8490542503433534
2021-05-12,66505,19098,3.4823018117080324,3.8075757438739672
2021-05-13,87032,20610,4.222804463852499,3.826891762453015
2021-05-14,64800,17569,3.6883146451135524,3.765539171318132
2021-05-15,57404,16884,3.3999052357261315,3.7687184516755727
2021-05-16,44031,15248,2.8876573976915005,3.6421555232250347
2021-05-17,62701,17627,3.557099903557043,3.5746644570834634
2021-05-18,63652,18271,3.4837720978599966,3.5316936507869654
2021-05-19,68064,18814,3.6177314765600084,3.5510407457658184
2021-05-20,87264,21216,4.113122171945701,3.5353718469219904
2021-05-21,71390,18334,3.8938584051489036,3.564735241212755
2021-05-22,56833,16397,3.46606086479234,3.5741860453650705
2021-05-23,55455,15344,3.614116266944734,3.677965883829818
2021-05-24,72495,18912,3.833280456852792,3.7174202485863534
2021-05-25,63734,18383,3.467007561333841,3.7150253147969026
2021-05-26,72702,19296,3.767723880597015,3.736452801087904
2021-05-27,89159,20645,4.318672802131267,3.7658171768286985
2021-05-28,62386,17864,3.4922749664128974,3.7084481141521266
2021-05-29,53380,15760,3.3870558375634516,3.697161681690857
2021-05-30,41265,13378,3.0845417850201824,3.621508184273064
2021-05-31,41335,12953,3.191152628734656,3.5297756373990445
2021-06-01,59046,16759,3.5232412435109492,3.537809020567203
2021-06-02,60521,17641,3.4307012074145455,3.4896629243982784
2021-06-03,77276,19094,4.047135225725358,3.450871842054577
2021-06-04,53312,16714,3.189661361732679,3.4076413271002606
2021-06-05,44545,14972,2.975220411434678,3.34880769479615
2021-06-06,42072,13788,3.051348999129678,3.3440658682403637
2021-06-07,58625,17297,3.389316066369891,3.372374930759683
2021-06-08,64171,17646,3.636574861158336,3.3885654475664526
2021-06-09,56306,17426,3.2311488580282335,3.360057969082693
2021-06-10,81715,19401,4.211896294005464,3.3835952645512797
2021-06-11,57920,17213,3.364898623133678,3.4086291590371367
2021-06-12,53443,15407,3.4687479717011747,3.4791330962180647
2021-06-13,44762,13899,3.2205194618317865,3.5033003051755087
2021-06-14,68626,17662,3.8855169290001133,3.574186142694112
2021-06-15,59758,17058,3.503224293586587,3.5551360616124335
2021-06-16,66280,18142,3.6534009480762872,3.615457788762156
2021-06-17,80706,19280,4.185995850622406,3.611757725421719
2021-06-18,69119,17042,4.055803309470719,3.7104583948984393
2021-06-19,53427,15454,3.457163193995082,3.7088034266547116
2021-06-20,45307,14091,3.215314739904904,3.708059894950871
2021-06-21,67535,17631,3.8304690601780953,3.700195913690583
2021-06-22,67390,34930,1.9292871457200114,3.475347749709644
2021-06-23,66823,18462,3.6194886794496806,3.470503139905843
