,date,newCasesBySpecimenDate,newAdmissions,casesshifted,ratio,average,0-64,65+,0-64admissions,65+admissions,0-64admissionsnew,65+admissionsnew,casesshifted0-64,ratio0-64,average0-64,casesshifted65+,ratio65+,average65+
0,2022-03-22,43615,,49033.0,,,,,,,,,,,,,,
1,2022-03-21,85697,1984.0,52164.0,3.8033893106356875,,,,,,,,,,,,,
2,2022-03-20,66155,1793.0,54169.0,3.3100112610533703,,,,,,,,,,,,,
3,2022-03-19,54687,1813.0,55371.0,3.2742771486879416,,,,,,,,,,,,,
4,2022-03-18,61363,1629.0,52230.0,3.1188971855255603,4.046774146231965,45439.0,10399.0,274677.0,375157.0,607.0,1020.0,,,,,,
5,2022-03-17,67165,1738.0,50906.0,3.414135858248536,4.275469290305287,50727.0,10159.0,274070.0,374137.0,633.0,1104.0,,,,,,
6,2022-03-16,73419,1823.0,35862.0,5.083375160336847,4.524794430076367,55859.0,10415.0,273437.0,373033.0,699.0,1124.0,,,,,,
7,2022-03-15,73706,1800.0,28466.0,6.323333099135811,4.643631293163655,56582.0,10184.0,272738.0,371909.0,669.0,1131.0,,,,,,
8,2022-03-14,79214,1651.0,30550.0,5.404255319148936,4.832436102516707,60735.0,11088.0,272069.0,370778.0,624.0,1027.0,,,,,,
9,2022-03-13,60125,1591.0,31472.0,5.055287239450941,4.9796030873848975,46481.0,8310.0,271445.0,369751.0,565.0,1026.0,,,,,,
10,2022-03-12,49033,1368.0,33316.0,4.106135190298955,5.234380515301949,37059.0,7704.0,270880.0,368725.0,439.0,929.0,,,,,,
11,2022-03-11,52164,1412.0,31798.0,4.440530850996918,5.460600192191906,39280.0,8257.0,270441.0,367796.0,531.0,877.0,,,,,,
12,2022-03-10,54169,1414.0,31816.0,4.444304752325873,5.625644396421391,41215.0,7860.0,269910.0,366919.0,520.0,889.0,,,,,,
13,2022-03-09,55371,1521.0,22150.0,6.866817155756208,5.73081847528637,42434.0,7563.0,269390.0,366030.0,569.0,951.0,,,,,,
14,2022-03-08,52230,1389.0,17567.0,7.906870837365515,5.72479049264932,40252.0,7005.0,268821.0,365079.0,522.0,865.0,45439.0,11.487928871674113,,10399.0,83.18107510337533,
15,2022-03-07,50906,1278.0,19483.0,6.559564748755325,5.625912416379003,39682.0,6799.0,268299.0,364214.0,497.0,781.0,50727.0,9.797543714392729,,10159.0,76.87764543754307,
16,2022-03-06,35862,1260.0,21756.0,5.7915057915057915,5.522150045717481,27915.0,4718.0,267802.0,363433.0,429.0,831.0,55859.0,7.680051558388084,,10415.0,79.78876620259241,
17,2022-03-05,28466,1050.0,25837.0,4.0639393118396105,5.137905244266434,21730.0,4225.0,267373.0,362602.0,376.0,670.0,56582.0,6.645222862394401,8.991082079983906,10184.0,65.78947368421052,79.63990383512858
18,2022-03-04,30550,1044.0,27852.0,3.7483843171046964,4.610295172321434,23034.0,4796.0,266997.0,361932.0,381.0,659.0,60735.0,6.273153865151889,8.85562293654719,11088.0,59.433621933621936,79.81592526926117
19,2022-03-03,31472,1226.0,32975.0,3.7179681576952235,4.330576663165563,23941.0,4648.0,266616.0,361273.0,433.0,791.0,46481.0,9.315634345216326,8.88749148583162,8310.0,95.18652226233453,82.08313186433408
20,2022-03-02,33316,1184.0,28345.0,4.177103545598871,3.9019347348639513,25237.0,4852.0,266183.0,360482.0,435.0,749.0,37059.0,11.738039342669797,8.857544785986345,7704.0,97.22222222222223,82.58477635933404
21,2022-03-01,31798,1111.0,26367.0,4.213600333750522,3.6447973714791844,24157.0,4617.0,265748.0,359733.0,414.0,697.0,39280.0,10.539714867617109,8.951653647810073,8257.0,84.4132251423035,85.23889559747222
22,2022-02-28,31816,1145.0,24883.0,4.601535184664229,3.4100846001802654,24116.0,4710.0,265334.0,359036.0,413.0,729.0,41215.0,10.020623559383719,9.113903204366995,7860.0,92.74809160305342,88.2206535129914
23,2022-02-27,22150,949.0,34002.0,2.7910122933945063,3.210654792979736,16875.0,3162.0,264921.0,358307.0,317.0,630.0,42434.0,7.4704246594711785,9.702189416353823,7563.0,83.30027766759223,93.00203751245564
24,2022-02-26,17567,888.0,39223.0,2.2639777681462405,3.045472873502395,13207.0,2793.0,264604.0,357677.0,294.0,591.0,40252.0,7.303984895160489,10.464351043359185,7005.0,84.36830835117773,99.53580289237486
25,2022-02-25,19483,841.0,39945.0,2.105394918012267,2.9238874806652215,14499.0,3167.0,264310.0,357086.0,294.0,546.0,39682.0,7.40890076105035,11.303038001392078,6799.0,80.30592734225621,105.28923349577987
26,2022-02-24,21756,984.0,42378.0,2.321959507291519,2.688961166798562,16359.0,3321.0,264016.0,356540.0,375.0,607.0,27915.0,13.433637829124127,12.150933431018446,4718.0,128.65621025858414,111.92517123333234
27,2022-02-23,25837,976.0,32309.0,3.0208301092574823,2.62759351787683,19707.0,3585.0,263641.0,355933.0,371.0,604.0,21730.0,17.073170731707318,13.104572322152924,4225.0,142.95857988165682,118.07365353096637
28,2022-02-22,27852,976.0,29026.0,3.3625025838903055,2.5393494432778554,21382.0,3701.0,263270.0,355329.0,378.0,598.0,23034.0,16.410523573847353,13.882564131019967,4796.0,124.68723936613844,122.26535254215523
29,2022-02-21,32975,1030.0,34832.0,2.9570509875976114,2.472421504830076,25600.0,4347.0,262892.0,354731.0,382.0,647.0,23941.0,15.955891566768306,14.938928306828023,4648.0,139.19965576592082,127.23226434737127
30,2022-02-20,28345,971.0,41119.0,2.3614387509423866,2.3633612104499915,22348.0,3361.0,262510.0,354084.0,357.0,613.0,25237.0,14.145896897412529,16.296027664572197,4852.0,126.33965375103051,135.23755318636816
31,2022-02-19,26367,834.0,50660.0,1.6462692459534147,2.251666919665504,20772.0,3152.0,262153.0,353471.0,308.0,525.0,24157.0,12.749927557229787,18.69210154472603,4617.0,113.71020142949966,149.23769059062025
32,2022-02-18,24883,900.0,54982.0,1.6368993488778145,2.1504940281650993,19034.0,3570.0,261845.0,352946.0,357.0,542.0,24116.0,14.803449991706751,20.958896483320682,4710.0,115.07430997876858,161.91825863281608
33,2022-02-17,34002,971.0,62302.0,1.5585374466309267,2.036496634961255,26472.0,4194.0,261488.0,352404.0,387.0,584.0,16875.0,22.933333333333334,22.61790087460584,3162.0,184.6932321315623,171.326695988233
34,2022-02-16,39223,1120.0,50023.0,2.2389700737660676,1.9290153256285942,30864.0,4659.0,261101.0,351820.0,447.0,673.0,13207.0,33.84568789278413,23.40244305934579,2793.0,240.95954171142142,178.86095943922146
35,2022-02-15,39945,1144.0,43100.0,2.654292343387471,1.8852624987836266,31668.0,4599.0,260654.0,351147.0,468.0,676.0,14499.0,32.278088144009935,23.939483887888574,3167.0,213.4512156615093,187.16599454592708
36,2022-02-14,42378,1132.0,52430.0,2.1590692351707035,1.8334615640689462,33827.0,4701.0,260186.0,350471.0,451.0,681.0,16359.0,27.56892230576441,24.15171424621618,3321.0,205.0587172538392,189.75470842158163
37,2022-02-13,32309,1029.0,63950.0,1.6090695856137607,1.7995215873177206,26157.0,3288.0,259735.0,349790.0,387.0,642.0,19707.0,19.637692190592176,23.918301647240664,3585.0,179.07949790794981,192.74047145153955
38,2022-02-12,29026,989.0,73806.0,1.3399994580386418,1.7126741265082217,23148.0,3338.0,259348.0,349148.0,353.0,636.0,21382.0,16.509213357029275,22.63881395151763,3701.0,171.8454471764388,190.1795361961733
39,2022-02-11,34832,996.0,78161.0,1.2742928058750527,1.6206600594740865,27608.0,4009.0,258995.0,348512.0,417.0,579.0,25600.0,16.2890625,22.03552412629446,4347.0,133.1953071083506,188.97822207406088
40,2022-02-10,41119,1167.0,88345.0,1.320957609372347,1.5582623156500361,33286.0,4163.0,258578.0,347933.0,476.0,691.0,22348.0,21.299445140504744,20.81696159511221,3361.0,205.5935733412675,184.54957365923016
41,2022-02-09,50660,1220.0,74799.0,1.6310378480995738,1.5376812400720286,41213.0,4791.0,258102.0,347242.0,517.0,703.0,20772.0,24.889274022722894,20.075933065477887,3152.0,223.03299492385787,182.42369193252185
42,2022-02-08,54982,1266.0,62979.0,2.0101938741485257,1.5113727225173643,44838.0,5085.0,257585.0,346539.0,534.0,732.0,19034.0,28.055059367447726,19.648219787584008,3570.0,205.04201680672267,178.03400437421902
43,2022-02-07,62302,1234.0,71649.0,1.7222850284023503,1.5042212916827455,51128.0,5519.0,257051.0,345807.0,504.0,730.0,26472.0,19.038984587488667,19.559490508827395,4194.0,174.05817835002384,178.9410716025791
44,2022-02-06,50023,1211.0,82662.0,1.4650020565677095,1.4846661833152124,41611.0,3999.0,256547.0,345077.0,446.0,765.0,30864.0,14.450492483151892,19.5915519262017,4659.0,164.19832582099164,181.24417947770561
45,2022-02-05,43100,1077.0,93179.0,1.15583983515599,1.4858713367413614,35141.0,3958.0,256101.0,344312.0,428.0,649.0,31668.0,13.515220411772136,20.17082495763922,4599.0,141.1176342683192,182.80695714372305
46,2022-02-04,52430,1186.0,96877.0,1.224232790032722,1.5106008778559468,42454.0,5131.0,255673.0,343663.0,530.0,656.0,33827.0,15.667957548703697,19.81097026222745,4701.0,139.5447777068709,183.16281911934388
47,2022-02-03,63950,1292.0,109115.0,1.184071850799615,1.5271166381074346,52498.0,5312.0,255143.0,343007.0,563.0,729.0,26157.0,21.523875062124862,19.82070562510353,3288.0,221.71532846715328,186.23051767220244
48,2022-02-02,73806,1451.0,88504.0,1.6394739220826178,1.5291650630662106,60603.0,5998.0,254580.0,342278.0,670.0,781.0,23148.0,28.944185242785554,19.652422570491293,3338.0,233.97243858597963,184.71952447041423
49,2022-02-01,78161,1537.0,70398.0,2.1833006619506237,1.5587354041148551,65002.0,5824.0,253910.0,341497.0,705.0,832.0,27608.0,25.536076499565343,19.464458748914442,4009.0,207.53305063606882,186.3887709866552
50,2022-01-31,88345,1451.0,78949.0,1.8378953501627633,1.5697533729391238,74191.0,6203.0,253205.0,340665.0,636.0,814.0,33286.0,19.10713212762122,18.894261447044283,4163.0,195.53206822003364,185.73783452911317
51,2022-01-30,74799,1285.0,86863.0,1.4793410312791406,1.5878897376399526,63715.0,4515.0,252569.0,339851.0,547.0,736.0,41213.0,13.27251110086623,18.205467051297013,4791.0,153.62137340847423,182.82140547398703
52,2022-01-29,62979,1325.0,97224.0,1.3628322224965028,1.6358747895264696,52687.0,4476.0,252022.0,339115.0,547.0,777.0,44838.0,12.1994736607342,17.143916588806203,5085.0,152.8023598820059,182.96350783725464
53,2022-01-28,71649,1342.0,103123.0,1.3013585718026046,1.6785180595596427,59243.0,5608.0,251475.0,338338.0,597.0,745.0,51128.0,11.67657643561258,16.1912599597403,5519.0,134.98822250407682,177.78901991193604
54,2022-01-27,82662,1503.0,114643.0,1.311026403705416,1.7190991403365368,68953.0,5637.0,250878.0,337593.0,695.0,805.0,41611.0,16.70231429189397,15.434533928174854,3999.0,201.30032508127033,173.17234751561455
55,2022-01-26,93179,1689.0,85503.0,1.9753692852882354,1.7687352456780303,77739.0,5979.0,250183.0,336788.0,756.0,930.0,35141.0,21.513332005349877,15.228617695254288,3958.0,234.96715512885297,170.70912173311493
56,2022-01-25,96877,1681.0,67733.0,2.4818035521828357,1.7769146530890894,81499.0,5907.0,249427.0,335858.0,801.0,879.0,42454.0,18.86748009610402,14.718764840407966,5131.0,171.31163515883844,166.4430075270513
57,2022-01-24,109115,1593.0,75072.0,2.121962915601023,1.796709925213263,92443.0,6260.0,248626.0,334979.0,725.0,867.0,52498.0,13.81004990666311,14.381225088118926,5312.0,163.21536144578315,164.61596659771322
58,2022-01-23,88504,1535.0,84027.0,1.8267937686695945,1.8184400410199444,76002.0,4185.0,247901.0,334112.0,717.0,818.0,60603.0,11.831097470422256,13.687986323737306,5998.0,136.378792930977,165.6958283998985
59,2022-01-22,70398,1277.0,89924.0,1.4200880743739157,1.8423349062888525,59543.0,3969.0,247184.0,333294.0,561.0,716.0,65002.0,8.630503676809944,12.697031863933264,5824.0,122.93956043956044,164.36450622586725
60,2022-01-21,78949,1453.0,100908.0,1.43992547667182,1.8035660076117765,66003.0,5280.0,246623.0,332578.0,691.0,758.0,74191.0,9.313798169589303,11.995885439561269,6203.0,122.1989359987103,164.52459258283776
61,2022-01-20,86863,1698.0,116052.0,1.463137214352187,1.7463516054147517,72604.0,5394.0,245932.0,331820.0,755.0,943.0,63715.0,11.849642941222632,11.717757333223533,4515.0,208.859357696567,166.29744560825958
62,2022-01-19,97224,1778.0,82982.0,2.1426333421705914,1.652996575260098,81196.0,5802.0,245177.0,330877.0,768.0,1010.0,52687.0,14.576650786721583,11.530798983115835,4476.0,225.6478999106345,169.51325324607978
63,2022-01-18,103123,1794.0,81161.0,2.210421261443304,1.57485420366465,86933.0,5946.0,244409.0,329867.0,827.0,967.0,59243.0,13.959455125500059,11.528384546555996,5608.0,172.43223965763195,173.76477121467678
64,2022-01-17,114643,1808.0,105027.0,1.7214621002218478,1.4720869899464855,97089.0,6877.0,243582.0,328900.0,818.0,990.0,68953.0,11.863153162298957,11.321314175483561,5637.0,175.62533262373603,178.32968816237357
65,2022-01-16,85503,1768.0,150685.0,1.1733085575870192,1.4044932946716993,73619.0,4286.0,242764.0,327910.0,818.0,950.0,77739.0,10.522389019668378,11.256284753666085,5979.0,158.88944639571832,184.33493096967405
66,2022-01-15,67733,1604.0,183715.0,0.8730914732057806,1.286400578554878,57044.0,4343.0,241946.0,326960.0,702.0,902.0,81499.0,8.613602620891054,11.198853226885287,5907.0,152.7001862197393,192.08799886207913
67,2022-01-14,75072,1692.0,234819.0,0.7205549806446667,1.2769213657059988,62527.0,5839.0,241244.0,326058.0,727.0,965.0,92443.0,7.864305572082257,11.327925462458172,6260.0,154.15335463258788,198.4613152746252
68,2022-01-13,84027,1916.0,193539.0,0.9899813474286836,1.2347807109057958,69776.0,6334.0,240517.0,325093.0,866.0,1050.0,76002.0,11.394436988500303,11.6145834738319,4185.0,250.89605734767022,204.43824614563454
69,2022-01-12,89924,1955.0,148558.0,1.3159843293528455,1.2135162451060606,74358.0,6905.0,239651.0,324043.0,844.0,1111.0,59543.0,14.174630099256,11.592809180163327,3969.0,279.91937515747037,209.63653816346192
70,2022-01-11,100908,2127.0,99204.0,2.144066771501149,1.2075521466184969,83998.0,7685.0,238807.0,322932.0,981.0,1146.0,66003.0,14.862960774510249,11.847839217019423,5280.0,217.04545454545453,210.83889972074962
71,2022-01-10,116052,2180.0,152824.0,1.426477516620426,1.253056133127979,96675.0,9219.0,237826.0,321786.0,1007.0,1173.0,72604.0,13.869759241915046,12.019202511540216,5394.0,217.46384872080088,207.3466664004001
72,2022-01-09,82982,1975.0,192785.0,1.0244572969888737,1.299289536982347,69611.0,6158.0,236819.0,320613.0,842.0,1133.0,81196.0,10.369968963988374,12.32609716673132,5802.0,195.27749052051016,206.00207264691315
73,2022-01-08,81161,1862.0,223975.0,0.831342783792834,1.4202962438595041,67433.0,6687.0,235977.0,319480.0,904.0,958.0,86933.0,10.398812878883739,12.797969507425824,5946.0,161.11671712075346,203.57814427913272
74,2022-01-07,105027,1772.0,170535.0,1.0390828862110417,1.6150491138249166,86643.0,9232.0,235073.0,318522.0,880.0,892.0,97089.0,9.063848633727815,13.105639226455082,6877.0,129.70772139014105,197.94292276148272
75,2022-01-06,150685,2043.0,155525.0,1.313615174409259,1.6809322090958876,125987.0,11433.0,234193.0,317630.0,997.0,1035.0,73619.0,13.542699574838018,13.306739234513802,4286.0,241.4839010732618,192.88144011008768
76,2022-01-05,183715,2139.0,98889.0,2.1630312774929465,1.7307086651830912,154498.0,13706.0,233196.0,316595.0,997.0,1142.0,57044.0,17.477736484117525,13.592825942017177,4343.0,262.9518765830071,184.8667287819792
77,2022-01-04,234819,2101.0,59903.0,3.507336861259035,1.8000977113164751,196027.0,18265.0,232199.0,315453.0,1064.0,1037.0,62527.0,17.016648807715068,13.483164344291252,5839.0,177.59890392190445,180.62503399486164
78,2022-01-03,193539,2219.0,117553.0,1.887659183517222,1.8480150339077475,160712.0,15093.0,231135.0,314416.0,1066.0,1153.0,69776.0,15.277459298326072,13.472454577893327,6334.0,182.0334701610357,176.07270443485805
79,2022-01-02,148558,1881.0,137010.0,1.3728924895992993,1.9172589337173107,123063.0,11727.0,230069.0,313263.0,920.0,961.0,74358.0,12.372575916512009,13.692615061347194,6905.0,139.1745112237509,166.25834302788118
80,2022-01-01,99204,1819.0,138110.0,1.3170661067265224,2.039621589868813,80688.0,9072.0,229149.0,312302.0,809.0,1010.0,83998.0,9.631181694802256,13.786727091418319,7685.0,131.42485361093037,153.19762396294558
81,2021-12-31,152824,1781.0,129574.0,1.3745041443499468,1.9154469734569617,123824.0,14530.0,228340.0,311292.0,869.0,902.0,96675.0,8.988880268942333,13.21892340659858,9219.0,97.84141447011606,142.557721124882
82,2021-12-30,192785,2114.0,117554.0,1.7983224730762033,1.9402853695279951,156797.0,17754.0,227471.0,310390.0,1050.0,1064.0,69611.0,15.083822959015098,12.139717655644448,6158.0,172.78337122442352,126.27417269550938
83,2021-12-29,223975,2370.0,78488.0,3.01956987055346,1.9534533950751787,182523.0,20571.0,226421.0,309326.0,1223.0,1147.0,67433.0,18.136520694615395,11.0656970636541,6687.0,171.5268431284582,112.89602912092543
84,2021-12-28,170535,2082.0,78920.0,2.638114546376077,1.9489917710595612,139901.0,14494.0,225198.0,308179.0,1130.0,952.0,86643.0,13.042023013976895,10.1525782045997,9232.0,103.11958405545927,99.18147004068892
85,2021-12-27,155525,1751.0,84937.0,2.0615279560144577,1.9133229188448155,128245.0,11751.0,224068.0,307227.0,973.0,778.0,125987.0,7.723019041647154,9.368015112340377,11433.0,68.04863115542727,89.53915270722815
86,2021-12-26,98889,1374.0,93784.0,1.4650686684295828,1.8902535183089295,81842.0,6759.0,223095.0,306449.0,750.0,624.0,154498.0,4.854431772579581,8.026936031120334,13706.0,45.527506201663506,71.51931333351409
87,2021-12-25,59903,1281.0,99624.0,1.2858347386172007,1.8429374856848935,49407.0,4375.0,222345.0,305825.0,635.0,647.0,196027.0,3.239349681421437,6.762100081347087,18265.0,35.42294004927457,54.841757260489196
88,2021-12-24,117553,1020.0,90681.0,1.1248221788467265,1.8401122510452954,98292.0,7408.0,221710.0,305178.0,562.0,458.0,160712.0,3.4969386231270843,5.647712543179232,15093.0,30.345193135890813,44.5248999571186
89,2021-12-23,137010,1252.0,76489.0,1.636836669325001,1.882373784727248,115861.0,7271.0,221148.0,304720.0,701.0,547.0,123063.0,5.696269390474797,5.100192759479699,11727.0,46.644495608425,38.43262781294622
90,2021-12-22,138110,1246.0,46348.0,2.6883576421852076,1.9440611442632207,117262.0,6485.0,220447.0,304173.0,749.0,497.0,80688.0,9.282669046202656,4.823871066615518,9072.0,54.78395061728395,34.65792188105583
91,2021-12-21,129574,1098.0,41935.0,2.618337903898891,1.9702445428725734,110606.0,5703.0,219698.0,303676.0,649.0,449.0,123824.0,5.241310246801912,4.7767068374406625,14530.0,30.901582931865107,32.83036670478402
92,2021-12-20,117554,1061.0,45008.0,2.3573586917881264,2.03014891649886,100861.0,5205.0,219049.0,303227.0,610.0,451.0,156797.0,3.8903805557504287,4.760593824153669,17754.0,25.40272614622057,32.23970129588444
93,2021-12-19,78488,926.0,48817.0,1.896880185181392,2.013566002021276,67787.0,3252.0,218439.0,302776.0,533.0,393.0,182523.0,2.9201799225303113,4.770728195511654,20571.0,19.1045646784308,31.980361456572943
94,2021-12-18,78920,735.0,50030.0,1.4691185288826705,1.9580957268752919,68125.0,3145.0,217906.0,302383.0,407.0,328.0,139901.0,2.9092000771974464,4.875893080864122,14494.0,22.630053815371877,34.27653177655279
95,2021-12-17,84937,743.0,48117.0,1.5441527942307294,1.9328971071101748,73323.0,3158.0,217499.0,302055.0,434.0,308.0,128245.0,3.384147530118133,4.866912744172495,11751.0,26.210535273593738,35.76297642405247
96,2021-12-16,93784,777.0,51093.0,1.5207562679819153,1.8853868748324183,81210.0,3081.0,217065.0,301747.0,472.0,303.0,81842.0,5.767209989980694,4.857365119284791,6759.0,44.82911673324456,39.03029626983572
97,2021-12-15,99624,805.0,34999.0,2.300065716163319,1.8707154960359371,86723.0,2696.0,216593.0,301444.0,495.0,310.0,49407.0,10.018823243669926,5.001820468264304,4375.0,70.85714285714286,43.152047521303416
98,2021-12-14,90681,815.0,33375.0,2.4419475655430714,1.8712678060150607,79372.0,2221.0,216098.0,301134.0,509.0,306.0,98292.0,5.178447889960525,5.132561265407186,7408.0,41.30669546436285,46.757688739983664
99,2021-12-13,76489,794.0,39214.0,2.024787065843831,1.8627614003116466,67154.0,2085.0,215589.0,300828.0,443.0,351.0,115861.0,3.8235471815364965,5.221327694969732,7271.0,48.27396506670334,51.3295060557774
100,2021-12-12,46348,772.0,43028.0,1.7941805336060241,1.8836405137373,40724.0,1322.0,215146.0,300477.0,461.0,311.0,117262.0,3.9313673653869117,5.3120702022966295,6485.0,47.9568234387047,60.95943543477444
101,2021-12-11,41935,696.0,47251.0,1.4729846987365347,1.8733361079639383,36656.0,1289.0,214685.0,300166.0,423.0,273.0,110606.0,3.8243856571976207,4.811871337866719,5703.0,47.86954234613361,64.91829465413787
102,2021-12-10,45008,707.0,47622.0,1.484607954306833,1.925747993895989,39202.0,1537.0,214262.0,299893.0,404.0,303.0,100861.0,4.005512537055949,5.015083086595775,5205.0,58.21325648414986,73.26686317506169
103,2021-12-09,48817,799.0,47933.0,1.666910061961488,1.9488600699663423,42843.0,1540.0,213858.0,299590.0,434.0,365.0,67787.0,6.402407541268975,5.225278406291487,3252.0,112.23862238622387,80.55892575351427
104,2021-12-08,50030,754.0,33843.0,2.227934875749786,1.9726681546825446,43743.0,1473.0,213424.0,299225.0,444.0,310.0,68125.0,6.517431192660551,5.332450548747601,3145.0,98.5691573926868,90.77026551661582
105,2021-12-07,48117,799.0,28446.0,2.808830767067426,1.989778354165022,42282.0,1501.0,212980.0,298915.0,484.0,315.0,73323.0,6.600930131063922,5.4484519843328565,3158.0,99.74667511082964,101.10549073365043
106,2021-12-06,51093,736.0,33660.0,2.1865715983363043,1.9951184094324823,44863.0,1670.0,212496.0,298600.0,430.0,306.0,81210.0,5.294914419406477,5.6548300983618995,3081.0,99.31840311587146,110.46659797794969
107,2021-12-05,34999,728.0,37127.0,1.9608371266194413,1.996661458529053,30879.0,1049.0,212066.0,298294.0,406.0,322.0,86723.0,4.681572362579708,6.153898233997475,2696.0,119.43620178041543,128.57990478640139
108,2021-12-04,33375,635.0,39868.0,1.592756095113876,1.9923864512669371,29266.0,1194.0,211660.0,297972.0,368.0,267.0,79372.0,4.636395706294411,6.777834452592891,2221.0,120.21611886537596,147.6361339918571
109,2021-12-03,39214,624.0,40999.0,1.5219883411790531,1.9255650727270905,34245.0,1489.0,211292.0,297705.0,366.0,258.0,67154.0,5.450159335259255,7.2341899483111565,2085.0,123.7410071942446,162.66442289925135
110,2021-12-02,43028,719.0,42856.0,1.6777114056374838,1.9013585547335263,37640.0,1530.0,210926.0,297447.0,403.0,316.0,40724.0,9.895884490718004,7.734855106244502,1322.0,239.03177004538577,175.56327811275392
111,2021-12-01,47251,698.0,31756.0,2.1980098249149767,1.8550521226955952,41593.0,1556.0,210523.0,297131.0,399.0,299.0,36656.0,10.88498472282846,8.163377482538753,1289.0,231.96276183087664,184.7835743766903
112,2021-11-30,47622,699.0,29858.0,2.341081117288499,1.854966518071484,42209.0,1562.0,210124.0,296832.0,384.0,315.0,39202.0,9.79541860109178,8.666678166877443,1537.0,204.94469746258946,192.7359495154617
113,2021-11-29,47933,669.0,33166.0,2.0171259723813546,1.866738009278682,42497.0,1605.0,209740.0,296517.0,377.0,292.0,42843.0,8.799570524939897,9.063089787469226,1540.0,189.61038961038963,196.530005801656
114,2021-11-28,33843,607.0,37087.0,1.6366921023539247,1.845686090985654,30006.0,1123.0,209363.0,296225.0,336.0,271.0,43743.0,7.681228996639462,9.388900591904598,1473.0,183.9782756279701,199.69705921611742
115,2021-11-27,28446,609.0,38250.0,1.5921568627450982,1.894962691716144,25002.0,1075.0,209027.0,295954.0,345.0,264.0,42282.0,8.159500496665247,9.898707374527545,1501.0,175.8827448367755,205.92300589880864
116,2021-11-26,33660,620.0,38644.0,1.604388779629438,1.9047125626053187,29431.0,1399.0,208682.0,295690.0,369.0,251.0,44863.0,8.225040679401735,9.959429023175364,1670.0,150.2994011976048,206.29116722263137
117,2021-11-25,37127,650.0,42474.0,1.530347977586288,1.891040235149261,32475.0,1459.0,208313.0,295439.0,376.0,274.0,30879.0,12.1765601217656,10.026926235264565,1049.0,261.2011439466158,202.8267511531733
118,2021-11-24,39868,752.0,29572.0,2.5429460300284052,1.9320339071287425,34971.0,1603.0,207937.0,295165.0,423.0,329.0,29266.0,14.453632201189093,10.166079603595,1194.0,275.54438860971527,202.985565248186
119,2021-11-23,40999,659.0,27352.0,2.409330213512723,1.95133397068331,36185.0,1560.0,207514.0,294836.0,350.0,309.0,34245.0,10.220470141626516,10.107174236548218,1489.0,207.52182672934853,203.83348481695833
120,2021-11-22,42856,602.0,31331.0,1.9214196801889503,1.9846103356355016,37677.0,1843.0,207164.0,294527.0,349.0,253.0,37640.0,9.272051009564294,10.054936755070415,1530.0,165.359477124183,209.3314341785822
121,2021-11-21,31756,648.0,33686.0,1.9236478062102949,2.0415584223701235,28110.0,1229.0,206815.0,294274.0,360.0,288.0,41593.0,8.655302574952517,10.22457014737434,1556.0,185.08997429305913,209.67122750614234
122,2021-11-20,29858,611.0,35374.0,1.7272573076270707,2.0864757679099424,26091.0,1362.0,206455.0,293986.0,327.0,284.0,42209.0,7.747162927337772,10.313878932419367,1562.0,181.8181818181818,216.81937132601692
123,2021-11-19,33166,637.0,34670.0,1.8373233342947795,2.193480168669001,28884.0,1696.0,206128.0,293702.0,334.0,303.0,42497.0,7.85937830905711,10.654634031570358,1605.0,188.78504672897196,222.09630019415144
124,2021-11-18,37087,697.0,36133.0,1.9289845847286415,2.325900308033109,32226.0,1812.0,205794.0,293399.0,401.0,296.0,30006.0,13.363993867893088,11.080852632535496,1123.0,263.5796972395369,227.55410131779945
125,2021-11-17,38250,727.0,25443.0,2.8573674488071377,2.4049870912645566,33362.0,1884.0,205393.0,293103.0,377.0,350.0,25002.0,15.07879369650428,11.127076293982881,1075.0,325.58139534883725,233.55185296277108
126,2021-11-16,38644,713.0,22575.0,3.158361018826135,2.4767011911862844,33794.0,1837.0,205016.0,292753.0,371.0,342.0,29431.0,12.605755835683464,11.342907279491016,1399.0,244.4603288062902,236.88185629277436
127,2021-11-15,42474,695.0,24400.0,2.848360655737705,2.546791835955149,37200.0,2183.0,204645.0,292411.0,398.0,297.0,32475.0,12.255581216320246,11.547208514612311,1459.0,203.564084989719,239.2901315333375
128,2021-11-14,29572,678.0,27369.0,2.477255288830429,2.5735838344887094,25848.0,1542.0,204247.0,292114.0,314.0,364.0,34971.0,8.978868205084213,11.604829759586266,1603.0,227.07423580786028,249.17744434196342
129,2021-11-13,27352,655.0,29382.0,2.2292560070791643,2.5623750615807075,23551.0,1666.0,203933.0,291750.0,335.0,320.0,36185.0,9.257979825894708,11.788687322207787,1560.0,205.1282051282051,243.99159784887385
130,2021-11-12,31331,729.0,31315.0,2.3279578476768323,2.520066820289975,26596.0,2186.0,203598.0,291430.0,350.0,379.0,37677.0,9.289486954906176,11.976113620712738,1843.0,205.64297341291373,243.26680694123675
131,2021-11-11,33686,797.0,37656.0,2.116528574463565,2.470479673086396,28817.0,2248.0,203248.0,291051.0,387.0,409.0,28110.0,13.767342582710778,12.065002094628493,1229.0,332.79088689991863,248.4813983949287
132,2021-11-10,35374,821.0,29544.0,2.7789060384511237,2.417702513823113,30247.0,2397.0,202861.0,290642.0,427.0,394.0,26091.0,16.36579663485493,12.349530253020763,1362.0,289.28046989721,244.32550968837663
133,2021-11-09,34670,808.0,28230.0,2.8622033297910026,2.3684100551869407,29624.0,2331.0,202434.0,290248.0,402.0,406.0,28884.0,13.917739925218115,12.472695945002071,1696.0,239.38679245283018,241.92870489636226
134,2021-11-08,36133,850.0,33983.0,2.501250625312656,2.313779985868874,30861.0,2584.0,202032.0,289842.0,415.0,435.0,32226.0,12.877800533730529,12.424428223333447,1812.0,240.0662251655629,235.6517196885623
135,2021-11-07,25443,739.0,35060.0,2.10781517398745,2.267881294881188,21767.0,1779.0,201617.0,289407.0,366.0,373.0,33362.0,10.970565313830106,12.425211533023568,1884.0,197.98301486199577,221.55467062429747
136,2021-11-06,22575,688.0,36514.0,1.8842087966259518,2.2541201751470945,18838.0,1993.0,201251.0,289034.0,342.0,346.0,33794.0,10.120139669763862,12.501454115701474,1837.0,188.3505715841045,215.3000605360835
137,2021-11-05,24400,686.0,35260.0,1.9455473624503685,2.2732289895001334,19983.0,2367.0,200909.0,288688.0,333.0,353.0,37200.0,8.951612903225806,12.683241865464591,2183.0,161.70407695831423,212.9278524389794
138,2021-11-04,27369,717.0,39939.0,1.7952377375497635,2.2881642003767935,22652.0,2444.0,200576.0,288335.0,356.0,361.0,25848.0,13.772825750541628,12.900873432245545,1542.0,234.11154345006486,209.3901761443565
139,2021-11-03,29382,807.0,30083.0,2.6825782003124687,2.305495499301344,24349.0,2605.0,200220.0,287974.0,398.0,409.0,23551.0,16.89949471360027,13.161458004753708,1666.0,245.49819927971188,209.29688771094544
140,2021-11-02,31315,891.0,29740.0,2.995965030262273,2.2771699720075955,25911.0,2823.0,199822.0,287565.0,404.0,487.0,26596.0,15.190254173559934,13.37943272806162,2186.0,222.78133577310155,206.65883032524053
141,2021-11-01,37656,899.0,34500.0,2.6057971014492756,2.2682205575847116,31448.0,3311.0,199418.0,287078.0,415.0,484.0,28817.0,14.40122150119721,13.980025590035115,2248.0,215.30249110320284,207.4967706801563
142,2021-10-31,29544,860.0,38580.0,2.2291342664593055,2.2693778255602917,24808.0,2470.0,199003.0,286594.0,387.0,473.0,30247.0,12.794657321387245,14.63768496883238,2397.0,197.32999582811848,213.23960888800457
143,2021-10-30,28230,741.0,43952.0,1.6859301055697125,2.250010406587415,23416.0,2591.0,198616.0,286121.0,345.0,396.0,29624.0,11.645962732919253,15.491940945241753,2331.0,169.88416988416986,215.6567896517874
144,2021-10-29,33983,840.0,44612.0,1.8829014614901818,2.2334302448111214,28074.0,3259.0,198271.0,285725.0,406.0,433.0,30861.0,13.155762937040276,16.331605737813664,2584.0,167.56965944272446,213.34383040410006
145,2021-10-28,35060,888.0,49242.0,1.803338613378823,2.19864362164324,29064.0,3226.0,197865.0,285292.0,400.0,488.0,21767.0,18.376441402122477,16.94828752280194,1779.0,274.31141090500284,208.3637457503575
146,2021-10-27,36514,955.0,37495.0,2.5470062675023337,2.181893967392923,30448.0,3270.0,197465.0,284804.0,431.0,523.0,18838.0,22.879286548465863,17.3675648699593,1993.0,262.4184646261917,204.6322053537439
147,2021-10-26,35260,911.0,31633.0,2.879903897828217,2.207470077086433,29568.0,3109.0,197034.0,284281.0,421.0,489.0,19983.0,21.06790772156333,17.59494463490926,2367.0,206.59062103929023,201.26279026427417
148,2021-10-25,39939,865.0,36617.0,2.362290739274108,2.2041478238104477,33317.0,3747.0,196613.0,283792.0,424.0,441.0,22652.0,18.717993996115133,17.24187910794392,2444.0,180.4418985270049,195.61826584718565
149,2021-10-24,30083,829.0,39254.0,2.1118866867070873,2.2113852177940663,25313.0,2656.0,196189.0,283351.0,383.0,446.0,24349.0,15.729598751488767,16.776114848120738,2605.0,171.2092130518234,180.9537670076624
150,2021-10-23,29740,756.0,40537.0,1.864962873424279,2.257220068708294,24951.0,2787.0,195806.0,282905.0,343.0,413.0,25911.0,13.237621087568986,16.124903382097038,2823.0,146.2982642578817,169.5998362668308
151,2021-10-22,34500,760.0,40868.0,1.859645688558285,2.3158614856913498,28837.0,3328.0,195463.0,282492.0,336.0,424.0,31448.0,10.68430424828288,15.221879529955405,3311.0,128.0579885231048,161.1275251298893
152,2021-10-21,38580,799.0,43096.0,1.8540003712641546,2.4074464533218043,32756.0,3207.0,195127.0,282068.0,375.0,424.0,24808.0,15.116091583360205,14.65652731463213,2470.0,171.65991902834008,156.0302988147658
153,2021-10-20,43952,903.0,31487.0,2.867850223901928,2.473609385498243,37591.0,3539.0,194752.0,281644.0,429.0,474.0,23416.0,18.320806286299966,14.30494511929521,2591.0,182.9409494403705,150.09521245917549
154,2021-10-19,44612,894.0,27170.0,3.290393816709606,2.5333981073641962,38440.0,3425.0,194323.0,281170.0,414.0,480.0,28074.0,14.746740756571917,13.9792552793271,3259.0,147.2844430806996,148.40237123426377
155,2021-10-18,49242,896.0,29833.0,3.003385512687293,2.600815302694552,42789.0,3557.0,193909.0,280690.0,429.0,467.0,29064.0,14.760528488852188,14.005115245110158,3226.0,144.76131432114073,144.97741096143315
156,2021-10-17,37495,828.0,32155.0,2.575027211942155,2.621915260233313,32777.0,2527.0,193480.0,280223.0,404.0,424.0,30448.0,13.26852338413032,13.781437822162058,3270.0,129.66360856269114,141.26996986099905
157,2021-10-16,31633,743.0,32538.0,2.283483926485955,2.6081994128610875,27304.0,2444.0,193076.0,279799.0,324.0,418.0,29568.0,10.957792207792208,13.116577910166141,3109.0,134.4483756834995,136.2027482663344
158,2021-10-15,36617,752.0,32253.0,2.3315660558707716,2.634673970908335,31357.0,2959.0,192752.0,279381.0,362.0,390.0,33317.0,10.865324008764293,12.793323741675936,3747.0,104.08326661329063,132.33244321084985
159,2021-10-14,39254,730.0,36469.0,2.0017000740354822,2.6112275474937987,33771.0,3048.0,192390.0,278991.0,343.0,387.0,25313.0,13.550349622723502,12.115167193777003,2656.0,145.7078313253012,127.5549682664025
160,2021-10-13,40537,752.0,27130.0,2.771839292296351,2.5665027516660834,35181.0,2917.0,192047.0,278604.0,341.0,411.0,24951.0,13.666786902328564,11.314150755446997,2787.0,147.47039827771798,121.86815154241413
161,2021-10-12,40868,760.0,21866.0,3.4757157230403366,2.5457263192516537,35687.0,2870.0,191706.0,278193.0,360.0,400.0,28837.0,12.48396157714048,10.822781896863928,3328.0,120.1923076923077,116.17531789419783
162,2021-10-11,43096,685.0,24126.0,2.8392605487855422,2.5111989887792427,37514.0,3061.0,191346.0,277793.0,328.0,357.0,32756.0,10.013432653559654,10.202073807631995,3207.0,111.31898971000935,114.92128442524427
163,2021-10-10,31487,606.0,26791.0,2.2619536411481467,2.4871225020260375,27529.0,2214.0,191018.0,277436.0,288.0,318.0,37591.0,7.661408315820276,9.604355853910056,3539.0,89.85589149477254,112.59194473622645
164,2021-10-09,27170,613.0,28671.0,2.1380488995849465,2.42809531765219,23331.0,2171.0,190730.0,277118.0,289.0,324.0,38440.0,7.518210197710718,9.111712444356359,3425.0,94.5985401459854,112.15836667971823
165,2021-10-08,29833,619.0,29619.0,2.089874742563895,2.333583146897341,25382.0,2531.0,190441.0,276794.0,279.0,339.0,42789.0,6.520367384140783,8.67681486771868,3557.0,95.30503233061569,112.46498385436512
166,2021-10-07,32155,634.0,34585.0,1.8331646667630475,2.2759463263370976,27648.0,2468.0,190162.0,276455.0,307.0,327.0,32777.0,9.36632394666992,8.566138191858313,2527.0,129.40245350217648,111.32605056620856
167,2021-10-06,32538,632.0,26795.0,2.3586490016794177,2.2438200528002357,28207.0,2323.0,189855.0,276128.0,279.0,353.0,27304.0,10.21828303545268,8.718265736519703,2444.0,144.43535188216038,111.7124732367482
168,2021-10-05,32253,658.0,23382.0,2.8141305277563937,2.210885699387745,28041.0,2253.0,189576.0,275775.0,296.0,362.0,31357.0,9.439678540676722,8.817131800890072,2959.0,122.33862791483608,110.94105411186126
169,2021-10-04,36469,627.0,25741.0,2.435802804863836,2.155620676839363,31928.0,2301.0,189280.0,275413.0,312.0,315.0,33771.0,9.238695922537088,8.91003021577268,3048.0,103.34645669291338,109.04024186730932
170,2021-10-03,27130,577.0,28325.0,2.037069726390115,2.139332033757118,23931.0,1598.0,188968.0,275098.0,307.0,270.0,35181.0,8.726301128450014,9.071701119038968,2917.0,92.56085018854988,107.52410868536205
171,2021-10-02,21866,549.0,28781.0,1.9075084256975086,2.162594038583221,19053.0,1478.0,188661.0,274828.0,293.0,256.0,35687.0,8.210272648303304,9.706033359404968,2870.0,89.19860627177701,105.51258345431843
172,2021-10-01,24126,520.0,30534.0,1.7030195847252243,2.1675680167267353,20739.0,1871.0,188368.0,274572.0,269.0,251.0,37514.0,7.1706562883190275,10.006595508512564,3061.0,81.99934661875204,105.19429778222664
173,2021-09-30,26791,552.0,32109.0,1.7191441651873307,2.2137950118918552,23430.0,1707.0,188099.0,274321.0,289.0,263.0,27529.0,10.498020269533946,10.2110460248697,2214.0,118.78952122854562,109.18485953737192
174,2021-09-29,28671,625.0,24787.0,2.5214830354621376,2.2677104568304642,25078.0,1779.0,187810.0,274058.0,342.0,283.0,23331.0,14.658608718014658,10.44329447418983,2171.0,130.35467526485493,110.90561133689214
175,2021-09-28,29619,596.0,20920.0,2.8489483747609943,2.3272272842924666,26038.0,1755.0,187468.0,273775.0,293.0,304.0,25382.0,11.54361358442991,10.51857070067924,2531.0,120.1106282101936,115.60002133433598
176,2021-09-27,34585,617.0,22360.0,2.759391771019678,2.435666786030655,30555.0,1955.0,187175.0,273471.0,295.0,324.0,27648.0,10.669849537037036,10.715689602254885,2468.0,131.2803889789303,121.51791438892414
177,2021-09-26,26795,535.0,22158.0,2.4144778409603758,2.517289130375665,23823.0,1472.0,186880.0,273147.0,292.0,243.0,28207.0,10.352040273690928,10.94714000388447,2323.0,104.60611278519157,130.20505412402014
178,2021-09-25,23382,520.0,22374.0,2.3241262179315276,2.6142968614651636,20444.0,1484.0,186588.0,272904.0,245.0,275.0,28041.0,8.737206233729182,10.982451489107394,2253.0,122.0594762538837,139.32314710280852
179,2021-09-24,25741,557.0,22623.0,2.462096096892543,2.7145591615907314,22424.0,1701.0,186343.0,272629.0,273.0,284.0,31928.0,8.550488599348535,11.496300468411453,2301.0,123.4245980008692,144.1542545792327
180,2021-09-23,28325,577.0,25191.0,2.2905005756023975,2.7322717829957126,24753.0,1810.0,186070.0,272345.0,290.0,287.0,23931.0,12.118173080941038,11.868262088722545,1598.0,179.59949937421777,150.08817172819633
181,2021-09-22,28781,572.0,17872.0,3.2005371530886304,2.7218297406902217,25287.0,1709.0,185780.0,272058.0,284.0,287.0,19053.0,14.905789114575134,12.001512256862968,1478.0,194.18132611637347,157.9501909488776
182,2021-09-21,30534,602.0,16954.0,3.5507844756399667,2.701714707724716,27001.0,1736.0,185496.0,271771.0,314.0,288.0,20739.0,15.14055643955832,12.256637316315416,1871.0,153.928380545163,163.7935461930318
183,2021-09-20,32109,606.0,21017.0,2.8833801208545466,2.6262071792125474,28476.0,1790.0,185182.0,271483.0,311.0,295.0,23430.0,13.273580879214682,12.339578246473705,1707.0,172.81780902167546,165.23343738106982
184,2021-09-19,24787,572.0,24430.0,2.3413835448219404,2.588839132334533,22008.0,1385.0,184871.0,271188.0,283.0,284.0,25078.0,11.284791450673898,12.68923291808602,1779.0,159.64024732996066,171.11751511021885
185,2021-09-18,20920,560.0,25649.0,2.1833209871729893,2.5525221345006424,18312.0,1347.0,184588.0,270904.0,274.0,286.0,26038.0,10.523081649896305,12.858797494081955,1755.0,162.962962962963,178.22522708974347
186,2021-09-17,22360,540.0,27928.0,1.9335433973073617,2.4731915626391014,19301.0,1619.0,184314.0,270618.0,279.0,261.0,30555.0,9.131075110456555,12.912873244549209,1955.0,133.50383631713555,185.8818849122578
187,2021-09-16,22158,672.0,33121.0,2.0289242474562967,2.4034767405953508,19072.0,1591.0,184035.0,270357.0,347.0,325.0,23823.0,14.56575578222726,12.990434131811355,1472.0,220.78804347826087,188.5022294798006
188,2021-09-15,22374,691.0,23453.0,2.946318168251396,2.376012353435027,19295.0,1600.0,183688.0,270032.0,329.0,362.0,20444.0,16.092741146546665,13.191788179271141,1484.0,243.93530997304583,193.86667128479075
189,2021-09-14,22623,701.0,23402.0,2.9954704726091785,2.35766692014187,19458.0,1691.0,183359.0,269670.0,348.0,353.0,22424.0,15.519086692829111,13.286315219915931,1701.0,207.5249853027631,198.97663641779735
190,2021-09-13,25191,688.0,28722.0,2.3953763665482906,2.3709325543785282,21603.0,1945.0,183011.0,269317.0,342.0,346.0,24753.0,13.81650709004969,13.71265672632052,1810.0,191.16022099447514,206.32125996068064
191,2021-09-12,17872,658.0,30617.0,2.1491328346996763,2.5333650889905877,15402.0,1376.0,182669.0,268971.0,321.0,337.0,25287.0,12.694269782892396,14.351624677875423,1709.0,197.19133996489174,212.73782105223384
192,2021-09-11,16954,649.0,31583.0,2.054902954120888,2.783958960708578,14276.0,1519.0,182348.0,268634.0,302.0,345.0,27001.0,11.184770934409837,15.571041485936004,1736.0,198.73271889400922,225.50896724656064
193,2021-09-10,21017,680.0,33557.0,2.026402836963972,2.9245107932234986,17592.0,2003.0,182046.0,268289.0,345.0,331.0,28476.0,12.115465655288665,16.262834714574826,1790.0,184.91620111731842,231.86359962940952
194,2021-09-09,24430,790.0,24953.0,3.1659519897407127,3.07203936935781,20478.0,2208.0,181701.0,267958.0,419.0,368.0,22008.0,19.038531443111598,17.45749237860416,1385.0,265.7039711191336,241.1896379160029
195,2021-09-08,25649,900.0,19147.0,4.7004752702773285,3.137878884810804,21496.0,2276.0,181282.0,267590.0,451.0,449.0,18312.0,24.62865880297073,18.279793230335486,1347.0,333.3333333333333,242.93016077816122
196,2021-09-07,27928,801.0,20129.0,3.9793333002136224,3.229480402929979,23621.0,2387.0,180831.0,267141.0,393.0,408.0,19301.0,20.361639293300865,19.589329720345127,1619.0,252.00741198270538,244.44599860448804
197,2021-09-06,33121,831.0,24241.0,3.42807639948847,3.288537544776209,28169.0,2637.0,180438.0,266733.0,423.0,408.0,19072.0,22.179110738255034,20.239170651490927,1591.0,256.44248900062854,242.12047446396767
198,2021-09-05,23453,691.0,26475.0,2.610009442870633,3.2074630304939014,19794.0,1942.0,180015.0,266325.0,356.0,335.0,19295.0,18.450375745011662,21.489180285798117,1600.0,209.375,241.5381795864835
199,2021-09-04,23402,752.0,27892.0,2.6961135809551124,3.068658539758147,19763.0,1990.0,179659.0,265990.0,396.0,354.0,19458.0,20.351526364477337,22.45384892976391,1691.0,209.34358367829685,230.31525723782053
200,2021-09-03,28722,688.0,28199.0,2.4398028298875847,3.0049645006658414,24379.0,2394.0,179263.0,265636.0,360.0,328.0,21603.0,16.664352173309265,22.963805091267933,1945.0,168.6375321336761,221.1311158640698
201,2021-09-02,30617,788.0,30326.0,2.5984303897645584,2.967067583623684,26035.0,2406.0,178903.0,265308.0,428.0,360.0,15402.0,27.788598883261912,22.89276139491096,1376.0,261.6279069767442,208.04719921594688
202,2021-09-01,31583,835.0,22393.0,3.7288438351270483,2.9387807366353718,27022.0,2313.0,178475.0,264948.0,448.0,387.0,14276.0,31.381339310731295,22.782380214260932,1519.0,254.77287689269258,198.28461448082263
203,2021-08-31,33557,798.0,22584.0,3.5334750265674812,2.8664143284737946,28414.0,2768.0,178027.0,264561.0,421.0,376.0,17592.0,23.931332423829012,22.136929106860624,2003.0,187.71842236645034,187.17065588125982
204,2021-08-30,24953,808.0,25547.0,3.1627979801933694,2.862099609076467,20845.0,2229.0,177606.0,264185.0,444.0,364.0,20478.0,21.681804863756224,21.876165570602687,2208.0,164.85507246376812,181.01121212826652
205,2021-08-29,19147,701.0,29063.0,2.412001513952448,2.8507124416579965,15892.0,1827.0,177162.0,263821.0,380.0,321.0,21496.0,17.677707480461482,20.930370118190798,2276.0,141.03690685413005,169.97094470522418
206,2021-08-28,20129,688.0,31422.0,2.1895487238240725,2.884103813094003,16860.0,1737.0,176782.0,263500.0,374.0,314.0,23621.0,15.83336861267516,19.729067476183133,2387.0,131.54587348135735,161.50016042550715
207,2021-08-27,24241,749.0,31084.0,2.4095997941062928,2.9270210611600227,20175.0,2252.0,176408.0,263186.0,418.0,331.0,28169.0,14.839007419503709,19.023413586942816,2637.0,125.52142586272281,155.86715510594146
208,2021-08-26,26475,777.0,30849.0,2.518720217835262,2.950315990131038,22013.0,2401.0,175990.0,262855.0,419.0,358.0,19794.0,21.168030716378702,18.48301034061017,1942.0,184.346035015448,153.98844091832558
209,2021-08-25,27892,843.0,21274.0,3.9625834351790923,2.9803670135641838,23359.0,2401.0,175571.0,262497.0,454.0,389.0,19763.0,22.97222081667763,18.07758929988658,1990.0,195.47738693467338,153.91319136279458
210,2021-08-24,28199,818.0,21336.0,3.833895763029621,3.038803809546279,23730.0,2427.0,175117.0,262108.0,463.0,355.0,24379.0,18.991755199146805,17.826760554697824,2394.0,148.2873851294904,153.54577921393016
211,2021-08-23,30326,831.0,24986.0,3.325862482990475,3.073892393207707,25262.0,2800.0,174654.0,261753.0,466.0,365.0,26035.0,17.89898213942769,18.537317319529716,2406.0,151.7040731504572,156.1230234459362
212,2021-08-22,22393,726.0,27685.0,2.6223586779844683,3.1302179198155575,18929.0,1831.0,174188.0,261388.0,401.0,325.0,27022.0,14.839760195396344,19.989958862941585,2313.0,140.5101599654129,155.2785316191145
213,2021-08-21,22584,757.0,29131.0,2.5986062956987404,3.127680587768828,19259.0,1781.0,173787.0,261063.0,400.0,357.0,28414.0,14.07756739635391,20.48723353698679,2768.0,128.97398843930634,156.0562089687709
214,2021-08-20,25547,733.0,27606.0,2.6552198797362894,3.174772479929873,21700.0,2012.0,173387.0,260706.0,413.0,320.0,20845.0,19.812904773326938,21.137552806643104,2229.0,143.56213548676536,157.51883321949325
215,2021-08-19,29063,824.0,28287.0,2.912998904090218,3.145359877824584,24966.0,2047.0,172974.0,260386.0,498.0,326.0,15892.0,31.33652152026177,21.221851734969732,1827.0,178.43459222769567,157.8019605096552
216,2021-08-18,31422,795.0,20153.0,3.9448221108519825,3.135930574094476,27155.0,2092.0,172476.0,260060.0,446.0,349.0,16860.0,26.45314353499407,21.511480336950843,1737.0,200.92112838226828,157.06626145111076
217,2021-08-17,31084,832.0,19983.0,4.163539008156934,3.1053551194379514,26966.0,2027.0,172030.0,259711.0,475.0,357.0,20175.0,23.543990086741015,21.90242203633391,2252.0,158.52575488454707,155.71127469837688
218,2021-08-16,30849,776.0,24872.0,3.1199742682534577,3.0927719478297604,26520.0,2107.0,171555.0,259354.0,407.0,369.0,22013.0,18.489074637714076,21.260500231795273,2401.0,153.685964181591,150.86566350639
219,2021-08-15,21274,719.0,28126.0,2.5563535518737113,3.0841166946967653,18176.0,1543.0,171148.0,258985.0,394.0,325.0,23359.0,16.867160409264095,20.338490799125562,2401.0,135.3602665556018,147.767142918974
220,2021-08-14,21336,689.0,28894.0,2.3845781131030663,3.0934410123065788,18349.0,1520.0,170754.0,258660.0,399.0,290.0,23730.0,16.8141592920354,19.763909035197372,2427.0,119.48908117016893,144.33082867747083
221,2021-08-13,24986,694.0,27034.0,2.5671376784789524,3.0871765498601724,21304.0,1806.0,170355.0,258370.0,387.0,307.0,25262.0,15.319452141556487,19.51437259752601,2800.0,109.64285714285714,142.06202586380223
222,2021-08-12,27685,758.0,26574.0,2.8524121321592535,3.0712329611456433,23750.0,1788.0,169968.0,258063.0,471.0,287.0,18929.0,24.882455491573776,19.1218488371824,1831.0,156.7449481157837,139.08937119985382
223,2021-08-11,29131,747.0,18628.0,4.010092334120679,3.072787762851425,25163.0,1739.0,169497.0,257776.0,432.0,315.0,19259.0,22.431071187496755,18.890227505075362,1781.0,176.8669286917462,135.93629296751845
224,2021-08-10,27606,760.0,18448.0,4.11968777103209,3.066420416084328,23901.0,1643.0,169065.0,257461.0,473.0,287.0,21700.0,21.797235023041473,18.52781017812912,2012.0,142.64413518886678,136.13332112088145
225,2021-08-09,28287,665.0,22105.0,3.008369147251753,3.0604118659789443,24384.0,1783.0,168592.0,257174.0,393.0,272.0,24966.0,15.741408315308819,18.53711921285182,2047.0,132.87738153395213,137.35255632326806
226,2021-08-08,20153,651.0,25358.0,2.567237163814181,3.0260025011323854,17455.0,1195.0,168199.0,256902.0,414.0,237.0,27155.0,15.245811084514822,18.597925369991177,2092.0,113.28871892925432,136.53249753772465
227,2021-08-07,19983,630.0,26923.0,2.3400066857333877,2.996428602440091,17321.0,1153.0,167785.0,256665.0,385.0,245.0,26966.0,14.277238003411703,19.01376955597735,2027.0,120.86827824370992,137.58158291258798
228,2021-08-06,24872,657.0,26019.0,2.525077827741266,2.8870989817503108,21521.0,1478.0,167400.0,256420.0,408.0,249.0,26520.0,15.384615384615385,18.783307838990094,2107.0,118.17750355956336,136.97920131544407
229,2021-08-05,28126,693.0,26536.0,2.6115465782333436,2.8567939099256128,24565.0,1453.0,166992.0,256171.0,460.0,233.0,18176.0,25.308098591549296,19.187166801464773,1543.0,151.00453661697992,137.57166231075354
230,2021-08-04,28894,747.0,19642.0,3.803075043274615,2.822607396472079,25309.0,1396.0,166532.0,255938.0,465.0,280.0,18349.0,25.34198048939997,19.370938073799746,1520.0,184.21052631578945,139.9532377467206
231,2021-08-03,27034,680.0,20272.0,3.3543804262036305,2.755870503521874,23634.0,1390.0,166067.0,255658.0,430.0,250.0,21304.0,20.18400300413068,19.584675302250776,1806.0,138.42746400885935,141.467316422104
232,2021-08-02,26574,686.0,24533.0,2.796233644478865,2.6535122193616822,23218.0,1351.0,165637.0,255408.0,441.0,245.0,23750.0,18.568421052631578,19.941241308423084,1788.0,137.02460850111856,141.65075614274326
233,2021-08-01,18628,645.0,27707.0,2.3279315696394414,2.5300151501611974,16302.0,909.0,165196.0,255163.0,416.0,226.0,25163.0,16.532209990859595,20.491612786792007,1739.0,129.95974698102359,149.84556531700613
234,2021-07-31,18448,593.0,31663.0,1.8728484350819568,2.3003306809103643,16123.0,975.0,164780.0,254937.0,377.0,216.0,23901.0,15.77339860256893,20.94565747196445,1643.0,131.46682897139377,152.39856533656936
235,2021-07-30,22105,650.0,35940.0,1.8085698386199223,2.1515700908396136,19353.0,1120.0,164403.0,254721.0,436.0,213.0,24384.0,17.880577427821525,21.77952785337333,1783.0,119.46158160403813,157.36707569756933
236,2021-07-29,25358,758.0,43387.0,1.747067093829949,1.983982806387868,22392.0,1080.0,163967.0,254508.0,509.0,249.0,17455.0,29.160698940131766,22.3079610878946,1195.0,208.36820083682008,164.82978770699563
237,2021-07-28,26923,728.0,33162.0,2.1952837585187868,1.8588380441648618,23795.0,1094.0,163458.0,254259.0,494.0,233.0,17321.0,28.520293285607067,23.186170969988122,1153.0,202.081526452732,173.07540715178598
238,2021-07-27,26019,816.0,35278.0,2.3130562957083733,1.7996813413520694,22757.0,1242.0,162964.0,254026.0,560.0,256.0,21521.0,26.021095673992846,24.003465046481345,1478.0,173.2070365358593,177.52156416409454
239,2021-07-26,26536,830.0,51136.0,1.6231226533166456,1.7808244973659535,23008.0,1443.0,162404.0,253770.0,547.0,275.0,24565.0,22.26745369428048,24.537833413886187,1453.0,189.26359256710253,184.03604055755386
240,2021-07-25,19642,836.0,57579.0,1.4519182340783965,1.8231632713226422,17200.0,971.0,161857.0,253495.0,574.0,262.0,25309.0,22.67967916551424,25.489708607797297,1396.0,187.6790830945559,192.14437081676027
241,2021-07-24,20272,734.0,50317.0,1.458751515392412,1.917535924330893,17671.0,1028.0,161283.0,253233.0,508.0,226.0,23634.0,21.494457138021495,25.95193480955129,1390.0,162.58992805755395,202.98254103047256
242,2021-07-23,24533,725.0,43243.0,1.6765719307171103,2.039766108532702,21228.0,1263.0,160775.0,253007.0,502.0,223.0,23218.0,21.621155999655443,26.368361464859188,1351.0,165.06291635825315,209.48867866820697
243,2021-07-22,27707,827.0,40471.0,2.043438511526772,2.177760858228583,24131.0,1299.0,160273.0,252784.0,584.0,241.0,16302.0,35.82382529750951,26.428250053115654,909.0,265.12651265126516,214.7261548623246
244,2021-07-21,31663,783.0,27417.0,2.85589232957654,2.3037473570878624,27477.0,1486.0,159689.0,252543.0,512.0,271.0,16123.0,31.755876697885007,26.06405009668176,975.0,277.94871794871796,216.51240232831515
245,2021-07-20,35940,805.0,25405.0,3.1686675851210393,2.3546397893172264,31366.0,1589.0,159177.0,252272.0,560.0,245.0,19353.0,28.936082261148144,25.62996475345955,1120.0,218.75,216.4046624332747
246,2021-07-19,43387,752.0,29045.0,2.589085901187812,2.383153323777605,37915.0,1836.0,158617.0,252027.0,508.0,244.0,22392.0,22.686673812075743,25.192479920605933,1080.0,225.92592592592592,209.1592621456834
247,2021-07-18,33162,698.0,29908.0,2.3338237260933528,2.4025639772472935,29270.0,1294.0,158109.0,251783.0,479.0,219.0,23795.0,20.130279470476992,23.978445077440117,1094.0,200.18281535648993,198.94330749151564
248,2021-07-17,35278,622.0,34270.0,1.8149985409979574,2.4115465127388505,30954.0,1444.0,157630.0,251564.0,420.0,201.0,22757.0,18.45585973546601,23.055560147908068,1242.0,161.83574879227052,185.5009392242446
249,2021-07-16,51136,593.0,31607.0,1.87616667193976,2.3888219738267393,45273.0,1699.0,157210.0,251363.0,427.0,165.0,23008.0,18.558762169680108,21.90307182897854,1443.0,114.34511434511435,174.3844082888301
250,2021-07-15,57579,658.0,30193.0,2.179313085814593,2.4099380993159585,51378.0,1604.0,156783.0,251198.0,470.0,188.0,17200.0,27.325581395348838,21.14262660582634,971.0,193.61483007209063,163.11444482487124
251,2021-07-14,50317,636.0,21790.0,2.918770078017439,2.3720565531768316,44901.0,1447.0,156313.0,251010.0,447.0,189.0,17671.0,25.29568219116066,20.050182072942754,1028.0,183.85214007782102,149.80242178894122
252,2021-07-13,43243,621.0,20634.0,3.0095958127362605,2.376525671976861,38498.0,1267.0,155866.0,250821.0,443.0,178.0,21228.0,20.86866402864142,18.848305170461327,1263.0,140.93428345209819,138.10081207655088
253,2021-07-12,40471,610.0,22288.0,2.736898779612347,2.3856139968764034,35930.0,1358.0,155423.0,250643.0,419.0,191.0,24131.0,17.363557250010363,17.383918788654576,1299.0,147.036181678214,132.34780632354514
254,2021-07-11,27417,502.0,24267.0,2.0686529031194625,2.370801295462555,24357.0,871.0,155004.0,250452.0,343.0,159.0,27477.0,12.48316774029188,15.095765304141613,1486.0,106.99865410497982,122.02128941989251
255,2021-07-10,25405,442.0,23940.0,1.846282372598162,2.381283631024177,22457.0,912.0,154661.0,250293.0,315.0,127.0,31366.0,10.042721418096027,12.968172532631877,1589.0,79.92448080553807,109.50818195329441
256,2021-07-09,29045,451.0,23250.0,1.9397849462365593,2.436536562485075,25721.0,980.0,154346.0,250166.0,315.0,136.0,37915.0,8.308057497032838,10.96828288989722,1836.0,74.07407407407408,101.73492477805563
257,2021-07-08,29908,488.0,23511.0,2.0756241759176555,2.4443737285908633,26691.0,891.0,154031.0,250030.0,331.0,157.0,29270.0,11.308507003758114,9.280220616464364,1294.0,121.3292117465224,92.39701638725982
258,2021-07-07,34270,461.0,15407.0,2.9921464269487896,2.518285515115586,30715.0,911.0,153700.0,249873.0,322.0,139.0,30954.0,10.402532790592492,8.381396490031147,1444.0,96.26038781163435,88.16885442754952
259,2021-07-06,31607,458.0,13485.0,3.3963663329625513,2.566201658056525,28360.0,879.0,153378.0,249734.0,311.0,147.0,45273.0,6.8694365294988184,7.770512476932652,1699.0,86.52148322542672,87.2370337960672
260,2021-07-05,30193,416.0,14901.0,2.791758942352862,2.6124244009183784,27153.0,836.0,153067.0,249587.0,285.0,131.0,51378.0,5.547121335980381,7.390772085423805,1604.0,81.6708229426434,86.75390812884727
261,2021-07-04,21790,390.0,15081.0,2.5860354087925206,2.64758348459977,19673.0,596.0,152782.0,249456.0,278.0,112.0,44901.0,6.191398855259348,6.895512259321971,1447.0,77.40152038700761,85.65865744306393
262,2021-07-03,20634,323.0,14805.0,2.181695373184735,2.7965781530962963,18559.0,603.0,152504.0,249344.0,222.0,93.0,38498.0,5.766533326406567,6.8852725066623774,1267.0,73.4017363851618,87.10140905894575
263,2021-07-02,22288,307.0,13564.0,2.263344146269537,2.8788015090389902,20112.0,685.0,152282.0,249251.0,203.0,96.0,35930.0,5.649874756470916,6.975866757190078,1358.0,70.69219440353461,87.4234129130393
264,2021-07-01,24267,295.0,12706.0,2.3217377616873915,2.8773470526140126,22008.0,649.0,152079.0,249155.0,191.0,99.0,24357.0,7.841688221045284,7.120066163203597,871.0,113.66245694603903,86.49849656833908
265,2021-06-30,23940,331.0,8203.0,4.035109106424479,2.846942240235993,21652.0,587.0,151888.0,249056.0,232.0,97.0,22457.0,10.330854521975331,6.993702516594025,912.0,106.35964912280701,85.3203900805605
266,2021-06-29,23250,283.0,7125.0,3.9719298245614034,2.8738170927990967,21118.0,624.0,151656.0,248959.0,193.0,87.0,25721.0,7.5035962831927225,6.985950727671548,980.0,88.77551020408163,84.42324620236171
267,2021-06-28,23511,244.0,8772.0,2.7815777473780208,2.8721762618590985,21469.0,572.0,151463.0,248872.0,175.0,67.0,26691.0,6.556517178075007,6.94695977554074,891.0,75.19640852974187,84.06462102783078
268,2021-06-27,15407,226.0,9523.0,2.3732017221463826,2.8504679625757494,14029.0,388.0,151288.0,248805.0,163.0,63.0,30715.0,5.306853328992349,6.85060195101965,911.0,69.15477497255763,79.57209362134965
269,2021-06-26,13485,223.0,9410.0,2.369819341126461,2.7773400470476837,12310.0,333.0,151125.0,248742.0,162.0,59.0,28360.0,5.712270803949224,6.560174287326715,879.0,67.1217292377702,78.1186777433462
270,2021-06-25,14901,206.0,9148.0,2.25185832968955,2.6894493501837977,13576.0,388.0,150963.0,248683.0,146.0,57.0,27153.0,5.376938091555261,6.475560066622856,836.0,68.18181818181817,74.4041366610113
271,2021-06-24,15081,194.0,8941.0,2.169779666703948,2.68927223507669,13704.0,367.0,150817.0,248626.0,141.0,49.0,19673.0,7.167183449397651,6.363290307216701,596.0,82.21476510067114,75.10797352304023
272,2021-06-23,14805,214.0,6074.0,3.5232136977280213,2.7139261841683924,13513.0,331.0,150676.0,248577.0,154.0,58.0,18559.0,8.297860876124792,6.44309825449084,603.0,96.18573797678276,75.93692146441495
273,2021-06-22,13564,182.0,5422.0,3.3566949465142013,2.7429517034780013,12411.0,337.0,150522.0,248519.0,139.0,43.0,20112.0,6.911296738265713,6.560589529112357,685.0,62.77372262773723,75.50561215938549
274,2021-06-21,12706,181.0,6510.0,2.7803379416282645,2.819878643235775,11660.0,275.0,150383.0,248476.0,127.0,52.0,22008.0,5.7706288622319155,6.697414826134642,649.0,80.12326656394453,78.003114656888
275,2021-06-20,8203,171.0,6717.0,2.5457793657882983,2.9349048595850324,7515.0,187.0,150256.0,248424.0,127.0,44.0,21652.0,5.865508959911324,7.129698803084433,587.0,74.95741056218058,87.98127045252113
276,2021-06-19,7125,178.0,6918.0,2.5729979762937267,2.9662833577104046,6500.0,193.0,150129.0,248380.0,138.0,40.0,21118.0,6.534709726299839,7.371701038374021,624.0,64.1025641025641,97.40647390757535
277,2021-06-18,8772,185.0,6630.0,2.790346907993967,3.1642818164107687,7983.0,256.0,149991.0,248340.0,136.0,49.0,21469.0,6.334715170711258,7.857560911693584,572.0,85.66433566433567,106.11184784735369
278,2021-06-17,9523,202.0,6790.0,2.974963181148748,3.3083270412733876,8729.0,232.0,149855.0,248291.0,143.0,59.0,14029.0,10.19317128804619,8.273699078568468,388.0,152.06185567010309,118.7995711525434
279,2021-06-16,9410,177.0,4729.0,3.742863184605625,3.4654921147455715,8624.0,227.0,149712.0,248232.0,123.0,54.0,12310.0,9.991876523151909,8.873538148085846,333.0,162.16216216216216,130.10259105065225
280,2021-06-15,9148,188.0,3964.0,4.742684157416751,3.486320034045203,8391.0,213.0,149589.0,248178.0,140.0,48.0,13576.0,10.312315851502651,9.033508192941131,388.0,123.71134020618557,138.74923619581372
281,2021-06-14,8941,185.0,4883.0,3.7886545156665985,3.5433231572980826,8131.0,245.0,149449.0,248130.0,119.0,62.0,13704.0,8.6835960303561,9.34148688823036,367.0,168.93732970027247,149.88809733467482
282,2021-06-13,6074,187.0,5129.0,3.6459348800935856,3.8483870020821507,5529.0,158.0,149330.0,248068.0,136.0,51.0,13513.0,10.064382446532969,10.299538742052864,331.0,154.0785498489426,154.9029430105272
283,2021-06-12,5422,137.0,5039.0,2.7187934113911494,4.1824924373837336,4950.0,152.0,149194.0,248017.0,95.0,42.0,12411.0,7.654500040286842,11.399600337646547,337.0,124.62908011869436,163.56519519609543
284,2021-06-11,6510,144.0,4515.0,3.189368770764119,4.358277791107386,5852.0,231.0,149099.0,247975.0,99.0,45.0,11660.0,8.49056603773585,11.73382453831322,275.0,163.63636363636363,171.56178945235462
285,2021-06-10,6717,162.0,3170.0,5.110410094637223,4.455972319889152,6102.0,182.0,149000.0,247930.0,127.0,35.0,7515.0,16.899534264803727,12.19535490917916,187.0,187.1657754010695,164.05350097300538
286,2021-06-09,6918,158.0,2598.0,6.081601231716705,4.4972615298177105,6231.0,199.0,148873.0,247895.0,115.0,43.0,6500.0,17.69230769230769,12.298137273695124,193.0,222.7979274611399,159.6634249404629
287,2021-06-08,6630,147.0,2461.0,5.973181633482325,4.540400725115694,5933.0,190.0,148758.0,247852.0,101.0,46.0,7983.0,12.65188525616936,12.294240073667085,256.0,179.6875,160.638613360797
288,2021-06-07,6790,131.0,2929.0,4.472516217138955,4.575097877583785,6079.0,187.0,148657.0,247806.0,104.0,27.0,8729.0,11.91430862641769,12.363871423653379,232.0,116.37931034482759,150.67306870137477
289,2021-06-06,4729,121.0,3075.0,3.934959349593496,4.328331918525544,4226.0,134.0,148553.0,247779.0,93.0,28.0,8624.0,10.783858998144712,11.758297567618968,227.0,123.34801762114537,144.73076082310263
290,2021-06-05,3964,96.0,3178.0,3.0207677784770297,4.211803454170364,3513.0,119.0,148460.0,247751.0,64.0,28.0,8391.0,7.627219640090574,11.337607146928548,213.0,131.45539906103286,139.21827494519542
291,2021-06-04,4883,96.0,2797.0,3.432248838040758,4.381441445330958,4325.0,147.0,148396.0,247723.0,73.0,23.0,8131.0,8.977985487639897,11.629599322519235,245.0,93.87755102040816,131.48307859392762
292,2021-06-03,5129,93.0,2749.0,3.3830483812295378,4.491173658772527,4593.0,147.0,148323.0,247700.0,70.0,23.0,5529.0,12.660517272562851,11.26201231970047,158.0,145.56962025316454,147.0395664410559
293,2021-06-02,5039,101.0,1918.0,5.265901981230448,4.50046518025917,4490.0,161.0,148253.0,247677.0,73.0,28.0,4950.0,14.747474747474747,10.982437259117674,152.0,184.21052631578945,147.36529830996622
294,2021-06-01,4515,115.0,1606.0,7.160647571606475,4.505083689781416,3956.0,159.0,148180.0,247649.0,86.0,29.0,5852.0,14.69583048530417,11.024519218987233,231.0,125.54112554112554,145.12730897042016
295,2021-05-31,3170,98.0,1870.0,5.240641711229946,4.601235302833666,2762.0,126.0,148094.0,247620.0,57.0,41.0,6102.0,9.341199606686333,11.410457371893893,182.0,225.27472527472528,147.7590110018821
296,2021-05-30,2598,80.0,2000.0,4.0,4.624441731072005,2266.0,102.0,148037.0,247579.0,55.0,25.0,6231.0,8.826833574065157,11.56246379492646,199.0,125.62814070351757,153.61580299130205
297,2021-05-29,2461,69.0,2260.0,3.0530973451327434,4.727871694841462,2154.0,84.0,147982.0,247554.0,47.0,22.0,5933.0,7.921793359177481,12.26158628738798,190.0,115.78947368421052,158.51249851161546
298,2021-05-28,2929,92.0,2241.0,4.105310129406515,4.66898864999321,2531.0,115.0,147935.0,247532.0,71.0,21.0,6079.0,11.67955255798651,12.210076234574087,187.0,112.29946524064172,165.84530176278605
299,2021-05-27,3075,83.0,2341.0,3.5454933788979073,4.830598630313509,2684.0,111.0,147864.0,247511.0,58.0,25.0,4226.0,13.724562233790818,12.928432435205162,134.0,186.56716417910448,164.7613516992442
300,2021-05-26,3178,95.0,1586.0,5.989911727616646,4.89244582169438,2768.0,125.0,147806.0,247486.0,69.0,26.0,3513.0,19.64133219470538,13.258292990485069,119.0,218.48739495798318,170.77188350646128
301,2021-05-25,2797,88.0,1304.0,6.748466257668712,5.029552071174384,2444.0,106.0,147737.0,247460.0,62.0,26.0,4325.0,14.335260115606935,14.076629891795696,147.0,176.87074829931973,173.0984546513045
302,2021-05-24,2749,98.0,1538.0,6.371911573472041,5.09208278415296,2398.0,102.0,147675.0,247434.0,66.0,32.0,4593.0,14.369693011103854,15.408018938803105,147.0,217.68707482993196,187.66791880060057
303,2021-05-23,1918,77.0,1737.0,4.4329303396660915,5.187993368578904,1698.0,63.0,147609.0,247402.0,50.0,27.0,4490.0,11.135857461024498,17.797386104244413,161.0,167.70186335403727,201.63171327361368
304,2021-05-22,1606,75.0,1869.0,4.012841091492777,5.001597198782645,1392.0,87.0,147559.0,247375.0,54.0,21.0,3956.0,13.65015166835187,19.103432692160887,159.0,132.0754716981132,223.14031671499023
305,2021-05-21,1870,85.0,1871.0,4.543025120256548,5.028065479384231,1614.0,84.0,147505.0,247354.0,58.0,27.0,2762.0,20.99927588703838,20.66788811053865,126.0,214.28571428571428,230.1712036039073
306,2021-05-20,2000,98.0,2324.0,4.216867469879518,4.756163688004857,1700.0,97.0,147447.0,247327.0,69.0,29.0,2266.0,30.450132391879965,21.382798902437592,102.0,284.3137254901961,227.38707837080247
307,2021-05-19,2260,93.0,1985.0,4.685138539042821,4.551604681480838,1985.0,75.0,147378.0,247298.0,62.0,31.0,2154.0,28.783658310120707,21.753151222208658,84.0,369.0476190476191,227.4296693202257
308,2021-05-18,2241,90.0,1298.0,6.933744221879815,4.432474275131605,1918.0,104.0,147316.0,247267.0,64.0,26.0,2531.0,25.286448044251284,22.433477930330472,115.0,226.08695652173913,242.25446716389146
309,2021-05-17,2341,74.0,1656.0,4.4685990338164245,4.251641568895592,2004.0,114.0,147252.0,247241.0,52.0,22.0,2684.0,19.374068554396423,21.995239900000552,111.0,198.1981981981982,252.25846876453176
310,2021-05-16,1586,59.0,1966.0,3.0010172939979656,4.2345823495788375,1380.0,71.0,147200.0,247219.0,38.0,21.0,2768.0,13.728323699421965,21.851850635200606,125.0,168.0,266.0639909734153
311,2021-05-15,1304,70.0,2202.0,3.178928247048138,4.583339241374033,1091.0,66.0,147162.0,247198.0,45.0,25.0,2444.0,18.412438625204583,23.076516853623424,106.0,235.8490566037736,280.6663836546257
312,2021-05-14,1538,72.0,2197.0,3.2771961766044604,4.526279479557575,1312.0,78.0,147117.0,247173.0,43.0,29.0,2398.0,17.93160967472894,23.97824042032359,102.0,284.3137254901961,295.9872946277106
313,2021-05-13,1737,74.0,1806.0,4.097452934662237,4.598454187516485,1482.0,76.0,147074.0,247144.0,50.0,24.0,1698.0,29.44640753828033,25.24412978650225,63.0,380.9523809523809,308.9103797157441
314,2021-05-12,1869,93.0,1305.0,7.126436781609195,4.740865408987129,1601.0,97.0,147024.0,247120.0,52.0,41.0,1392.0,37.356321839080465,26.161674043907603,87.0,471.2643678160919,353.4818082871726
315,2021-05-11,1871,79.0,1209.0,6.5343258891646,4.817800247831554,1573.0,115.0,146972.0,247079.0,51.0,28.0,1614.0,31.598513011152413,26.734066619273136,84.0,333.3333333333333,370.61326173938085
316,2021-05-10,2324,76.0,1528.0,4.973821989528796,4.958036445105505,2024.0,84.0,146921.0,247051.0,48.0,28.0,1700.0,28.23529411764706,27.02384807150034,97.0,288.659793814433,376.36293002774886
317,2021-05-09,1985,76.0,1901.0,3.9978958442924775,4.926981818259073,1721.0,86.0,146873.0,247023.0,40.0,36.0,1985.0,20.151133501259444,28.924878878661122,75.0,480.0,380.2912619238876
318,2021-05-08,1298,80.0,2152.0,3.717472118959108,4.631865425856584,1103.0,76.0,146833.0,246987.0,43.0,37.0,1918.0,22.419186652763294,31.706632561201804,104.0,355.7692307692308,384.3963522358745
319,2021-05-07,1656,77.0,1808.0,4.258849557522123,4.533555133997906,1384.0,103.0,146790.0,246950.0,40.0,37.0,2004.0,19.960079840319363,32.31015509270965,114.0,324.56140350877195,388.0593558988781
320,2021-05-06,1966,88.0,2268.0,3.880070546737213,4.646054402983504,1666.0,104.0,146750.0,246913.0,59.0,29.0,1380.0,42.7536231884058,33.963836808310866,71.0,408.4507042253521,418.2508139253877
321,2021-05-05,2202,96.0,1897.0,5.060622034791776,4.721720575958594,1921.0,102.0,146691.0,246884.0,62.0,33.0,1091.0,56.82859761686526,35.81429056618395,66.0,500.0,407.11679330683097
322,2021-05-04,2197,76.0,1300.0,5.846153846153846,4.613197093606827,1870.0,119.0,146629.0,246851.0,47.0,28.0,1312.0,35.823170731707314,36.24428052124737,78.0,358.97435897435895,391.07522617830733
323,2021-05-03,1806,98.0,1701.0,5.761316872427984,4.559443693614489,1565.0,90.0,146582.0,246823.0,59.0,38.0,1482.0,39.8110661268556,36.569012198491414,76.0,500.0,407.6344814593671
324,2021-05-02,1305,92.0,2032.0,4.52755905511811,4.509053167033486,1101.0,79.0,146523.0,246785.0,53.0,39.0,1601.0,33.10430980637102,34.694770851496614,97.0,402.0618556701031,397.45713833082846
325,2021-05-01,1209,68.0,2299.0,2.9578077424967377,4.3435067988140315,1001.0,66.0,146470.0,246746.0,40.0,28.0,1573.0,25.429116338207248,32.92272795920256,115.0,243.47826086956522,401.21653682706904
326,2021-04-30,1528,82.0,2112.0,3.882575757575758,4.817269256828458,1286.0,93.0,146430.0,246718.0,45.0,37.0,2024.0,22.233201581027668,34.82412470851275,84.0,440.4761904761905,433.1522386656835
327,2021-04-29,1901,80.0,2268.0,3.527336860670194,4.780192987228274,1588.0,103.0,146385.0,246681.0,51.0,29.0,1721.0,29.633933759442183,33.424258804950625,86.0,337.2093023255814,441.39399690744176
328,2021-04-28,2152,89.0,2281.0,3.9017974572555896,4.9148770719630805,1834.0,113.0,146334.0,246652.0,49.0,40.0,1103.0,44.42429737080689,32.41337316963875,76.0,526.3157894736842,463.7885217276791
329,2021-04-27,1808,128.0,1397.0,9.16249105225483,5.17622368625686,1528.0,112.0,146285.0,246612.0,68.0,60.0,1384.0,49.13294797687862,32.600351966243224,103.0,582.5242718446601,487.82944244379166
330,2021-04-26,2268,108.0,1963.0,5.501782985226694,5.4814867888500585,1904.0,124.0,146217.0,246552.0,50.0,58.0,1666.0,30.012004801920767,35.3575440726505,104.0,557.6923076923077,518.5550660265582
331,2021-04-25,1897,107.0,1956.0,5.470347648261758,5.526114792775304,1633.0,94.0,146167.0,246494.0,50.0,57.0,1921.0,26.028110359187924,36.96297276485942,102.0,558.8235294117648,555.3732669601549
332,2021-04-24,1300,99.0,2068.0,4.787234042553192,5.859804264935397,1049.0,106.0,146117.0,246437.0,50.0,49.0,1870.0,26.737967914438503,39.46493913161014,119.0,411.7647058823529,618.7134355634815
333,2021-04-23,1701,124.0,2060.0,6.019417475728155,5.247741083254392,1390.0,131.0,146067.0,246388.0,65.0,59.0,1565.0,41.53354632587859,37.778094974948736,90.0,655.5555555555555,612.3005979574087
334,2021-04-22,2032,92.0,2396.0,3.8397328881469113,5.256382553494076,1722.0,132.0,146002.0,246329.0,45.0,47.0,1101.0,40.87193460490463,39.33809284959339,79.0,594.9367088607595,633.878534583889
335,2021-04-21,2299,126.0,2020.0,6.237623762376238,5.078222568405185,1916.0,150.0,145957.0,246282.0,62.0,64.0,1001.0,61.938061938061935,39.98184153328628,66.0,969.6969696969697,624.8430619877709
336,2021-04-20,2112,98.0,2009.0,4.878048780487805,5.095121027442437,1739.0,158.0,145895.0,246218.0,48.0,50.0,1286.0,37.32503888024884,42.51964865994465,93.0,537.6344086021505,651.4787162494756
337,2021-04-19,2268,138.0,2481.0,5.562273276904474,4.847300935723621,1875.0,163.0,145847.0,246168.0,65.0,73.0,1588.0,40.931989924433246,41.463235679416975,103.0,708.7378640776699,618.8878304327834
338,2021-04-18,2281,112.0,2652.0,4.223227752639517,5.082815079249244,1975.0,92.0,145782.0,246095.0,56.0,56.0,1834.0,30.534351145038165,41.31067954173791,113.0,495.57522123893807,628.1217960362613
339,2021-04-17,1397,135.0,2752.0,4.905523255813953,5.283627699182757,1137.0,90.0,145726.0,246039.0,68.0,67.0,1528.0,44.502617801047116,44.17421937926658,112.0,598.2142857142857,583.9332801496323
340,2021-04-16,1963,118.0,2754.0,4.284676833696442,5.618247441254242,1591.0,150.0,145658.0,245972.0,65.0,53.0,1904.0,34.13865546218487,47.1668397242259,124.0,427.4193548387097,585.6452675794233
341,2021-04-15,1956,127.0,2314.0,5.488331892826275,5.923026907034538,1654.0,127.0,145593.0,245919.0,65.0,62.0,1633.0,39.80404164115126,48.7858137867882,94.0,659.5744680851063,574.223841109453
342,2021-04-14,2068,156.0,2041.0,7.643312101910828,6.13483744700634,1702.0,149.0,145528.0,245857.0,86.0,70.0,1049.0,81.98284080076263,51.80521307146661,106.0,660.377358490566,575.8083333134143
343,2021-04-13,2060,153.0,2119.0,7.220386974988202,6.079706254562913,1686.0,171.0,145442.0,245787.0,81.0,72.0,1390.0,58.27338129496403,51.691021635007154,131.0,549.6183206106871,558.1610845404874
344,2021-04-12,2396,173.0,2248.0,7.695729537366549,6.229088748750549,1966.0,168.0,145361.0,245715.0,90.0,83.0,1722.0,52.26480836236934,53.21407085469503,132.0,628.7878787878788,569.8443844189189
345,2021-04-11,2020,175.0,3067.0,5.705901532442126,6.1424147016733075,1717.0,101.0,145271.0,245632.0,99.0,76.0,1916.0,51.67014613778706,54.76105224773129,150.0,506.6666666666667,578.1039324564503
346,2021-04-10,2009,151.0,3341.0,4.519604908709967,5.653864928136167,1603.0,160.0,145172.0,245556.0,76.0,75.0,1739.0,43.70327774583094,55.23667858389575,158.0,474.6835443037974,629.7960558466868
347,2021-04-09,2481,167.0,3133.0,5.330354293009894,5.456018100805491,1997.0,185.0,145096.0,245481.0,84.0,83.0,1875.0,44.8,56.69910566117977,163.0,509.20245398773,621.7553433784935
348,2021-04-08,2652,167.0,3421.0,4.881613563285589,5.062837550465346,2208.0,171.0,145012.0,245398.0,100.0,66.0,1975.0,50.63291139240506,57.86977477230788,92.0,717.391304347826,630.9161300983353
349,2021-04-07,2752,189.0,4475.0,4.223463687150838,4.724510520615278,2279.0,166.0,144912.0,245332.0,97.0,92.0,1137.0,85.3122251539138,57.62278898025537,90.0,1022.2222222222222,626.6080444479678
350,2021-04-06,2754,183.0,3136.0,5.8354591836734695,4.559608994833625,2253.0,188.0,144815.0,245240.0,109.0,74.0,1591.0,68.51037083595223,59.0900211206154,150.0,493.33333333333337,632.3132356961304
351,2021-04-05,2314,188.0,3803.0,4.943465684985537,4.355407290472329,1944.0,150.0,144706.0,245166.0,100.0,88.0,1654.0,60.45949214026602,59.084440536397985,127.0,692.9133858267717,636.1006402284955
352,2021-04-04,2041,156.0,4674.0,3.3376123234916557,4.1343126002339545,1709.0,115.0,144606.0,245078.0,85.0,71.0,1702.0,49.9412455934195,59.42251285017122,149.0,476.51006711409394,659.500185151932
353,2021-04-03,2119,179.0,5319.0,3.3652942282383904,4.218214379005314,1762.0,111.0,144521.0,245007.0,91.0,88.0,1686.0,53.97390272835113,57.929286139385745,171.0,514.6198830409356,607.218439120186
354,2021-04-02,2248,178.0,4563.0,3.900942362480824,4.2670140165863435,1850.0,146.0,144430.0,244919.0,88.0,90.0,1966.0,44.760935910478125,56.654859459408875,168.0,535.7142857142857,612.4179243196711
355,2021-04-01,3067,180.0,5399.0,3.3339507316169663,4.240605312817661,2578.0,157.0,144342.0,244829.0,91.0,89.0,1717.0,52.9994175888177,55.070066586368796,101.0,881.1881188118812,594.4662209141758
356,2021-03-31,3341,225.0,4677.0,4.810776138550353,4.438406726922027,2805.0,183.0,144251.0,244740.0,120.0,105.0,1603.0,74.85963817841547,54.64280533723678,160.0,656.25,624.5000667481347
357,2021-03-30,3133,217.0,3513.0,6.177056646740677,4.571998407016843,2582.0,204.0,144131.0,244635.0,119.0,98.0,1997.0,59.58938407611417,53.590037418463396,185.0,529.7297297297298,635.3294451587002
358,2021-03-29,3421,206.0,4329.0,4.758604758604759,4.726247659738268,2839.0,188.0,144012.0,244537.0,109.0,97.0,2208.0,49.36594202898551,56.16093252355089,171.0,567.2514619883041,675.9416900566594
359,2021-03-28,4475,221.0,4680.0,4.722222222222222,4.979840495995527,3922.0,160.0,143903.0,244440.0,107.0,114.0,2279.0,46.95041684949539,60.459519444951084,166.0,686.7469879518072,731.4241327108628
360,2021-03-27,3136,217.0,5046.0,4.300435988902101,5.360065277466637,2614.0,157.0,143796.0,244326.0,105.0,111.0,2253.0,46.60452729693742,61.03494651886319,188.0,590.4255319148937,812.7063077430378
361,2021-03-26,3803,245.0,4919.0,4.980687131530799,5.651524355787408,3146.0,220.0,143691.0,244215.0,122.0,123.0,1944.0,62.75720164609054,64.25962910258434,150.0,820.0,874.9954070184384
362,2021-03-25,4674,288.0,5637.0,5.109100585417775,5.852965807753408,3978.0,256.0,143569.0,244092.0,142.0,146.0,1709.0,83.08952603861908,65.18695933916172,115.0,1269.5652173913043,930.4471999828027
363,2021-03-24,5319,277.0,3707.0,7.472349608848125,6.000328870666069,4557.0,246.0,143427.0,243946.0,139.0,136.0,1762.0,78.88762769580022,65.76267009735705,111.0,1225.2252252252251,938.5075444049878
364,2021-03-23,4563,295.0,3590.0,8.217270194986073,6.170970341904939,3899.0,215.0,143288.0,243810.0,152.0,141.0,1850.0,82.16216216216216,66.85081386848174,146.0,965.7534246575342,957.1022163163055
365,2021-03-22,5399,294.0,4766.0,6.168694922366765,6.196115828737483,4576.0,293.0,143136.0,243669.0,144.0,150.0,2578.0,55.85725368502715,65.2824701119653,157.0,955.4140127388536,943.3028242190412
366,2021-03-21,4677,279.0,4849.0,5.753763662610847,6.328101606718119,4090.0,189.0,142992.0,243519.0,143.0,136.0,2805.0,50.98039215686274,59.64113838895722,183.0,743.1693989071039,922.6506503059978
367,2021-03-20,3513,287.0,5223.0,5.494926287574191,6.593231195601348,2921.0,216.0,142849.0,243383.0,140.0,147.0,2582.0,54.221533694810226,57.33420545656997,204.0,720.5882352941177,909.5838983857426
368,2021-03-19,4329,283.0,5488.0,5.1567055393586,6.775975161261159,3648.0,261.0,142709.0,243236.0,147.0,136.0,2839.0,51.77879535047552,53.40712516585331,188.0,723.404255319149,896.294448109991
369,2021-03-18,4680,351.0,5818.0,6.033001031282228,7.197005207401174,3962.0,235.0,142562.0,243100.0,171.0,180.0,3922.0,43.600203977562465,52.82534842380641,160.0,1125.0,884.2486962901547
370,2021-03-17,5046,343.0,3677.0,9.328256731030732,7.39279989584822,4279.0,283.0,142391.0,242920.0,164.0,178.0,2614.0,62.73909716908951,51.12254748776379,157.0,1133.7579617834394,880.2883756565034
371,2021-03-16,4919,364.0,3833.0,9.496477954604748,7.644568201878082,4140.0,302.0,142227.0,242742.0,172.0,192.0,3146.0,54.67260012714558,50.48466378585982,220.0,872.7272727272726,904.2574981892374
372,2021-03-15,5637,431.0,4728.0,9.11590524534687,7.834510956643834,4734.0,362.0,142055.0,242550.0,206.0,223.0,3978.0,51.784816490698844,49.362668046481204,256.0,871.09375,891.1139356302366
373,2021-03-14,3707,357.0,5011.0,7.124326481740171,8.00471894631355,3066.0,235.0,141849.0,242327.0,178.0,176.0,4557.0,39.06078560456441,50.923099961667,246.0,715.4471544715448,901.2235350255503
374,2021-03-13,3590,385.0,5305.0,7.257304429783224,8.38834208145813,2941.0,255.0,141671.0,242151.0,194.0,191.0,3899.0,49.75634778148243,53.649128091421474,215.0,888.3720930232558,907.9089055644239
375,2021-03-12,4766,386.0,5951.0,6.48630482271887,8.653705194531923,3953.0,387.0,141477.0,241960.0,201.0,185.0,4576.0,43.92482517482517,54.0624408552127,293.0,631.3993174061433,932.6588682454211
376,2021-03-11,4849,449.0,6215.0,7.224456958970234,8.567806717703212,4072.0,343.0,141276.0,241775.0,223.0,226.0,4090.0,54.52322738386308,56.03938457281028,189.0,1195.7671957671957,954.7214632302235
377,2021-03-10,5223,494.0,4112.0,12.013618677042802,8.499680151612614,4278.0,390.0,141053.0,241549.0,239.0,255.0,2921.0,81.82129407737077,58.07119769330135,216.0,1180.5555555555557,970.1320918443341
378,2021-03-09,5488,483.0,4254.0,11.354019746121297,8.452798641396113,4573.0,419.0,140814.0,241294.0,210.0,273.0,3648.0,57.56578947368421,59.00317561547742,261.0,1045.9770114942528,982.767677420009
379,2021-03-08,5818,501.0,5884.0,8.514615907545888,8.341219146705923,4796.0,484.0,140604.0,241021.0,260.0,241.0,3962.0,65.62342251388188,59.910287620498174,235.0,1025.531914893617,990.8313897716176
380,2021-03-07,3677,461.0,6935.0,6.6474405191059835,8.137552943938624,2993.0,289.0,140344.0,240780.0,228.0,233.0,4279.0,53.28347744800187,65.07438159315105,283.0,823.321554770318,1013.3205745708328
381,2021-03-06,3833,528.0,7620.0,6.929133858267717,7.6542846748471565,3125.0,306.0,140116.0,240547.0,233.0,295.0,4140.0,56.28019323671497,67.22931306050677,302.0,976.8211920529801,1025.061937782784
382,2021-03-05,4728,487.0,8536.0,5.705248359887535,7.39482100453027,3855.0,401.0,139883.0,240252.0,238.0,249.0,4734.0,50.27460920997043,70.02799884022295,362.0,687.8453038674032,1015.1715341473927
383,2021-03-04,5011,596.0,10278.0,5.798793539599144,7.266176360032738,4063.0,462.0,139645.0,240003.0,278.0,318.0,3066.0,90.67188519243314,72.33579506262939,235.0,1353.191489361702,1023.1859253141936
384,2021-03-03,5305,607.0,7033.0,8.63074079340253,7.234354777445281,4307.0,485.0,139367.0,239685.0,285.0,322.0,2941.0,96.90581434886093,75.10923002814891,255.0,1262.7450980392157,1034.1399889184338
385,2021-03-02,5951,683.0,7161.0,9.537774053903087,7.100058290679463,4761.0,613.0,139082.0,239363.0,305.0,378.0,3953.0,77.15658993169744,75.87867416699189,387.0,976.7441860465116,1011.1982639030235
386,2021-03-01,6215,704.0,9246.0,7.614103396063163,7.195150837061356,4911.0,674.0,138777.0,238985.0,333.0,371.0,4072.0,81.77799607072691,78.22833978801484,343.0,1081.6326530612246,1030.4080847200769
387,2021-02-28,4112,662.0,10304.0,6.424689440993789,7.284284127253383,3306.0,379.0,138444.0,238614.0,311.0,351.0,4278.0,72.69752220663861,84.55830244464447,390.0,900.0,1048.6619945443322
388,2021-02-27,4254,624.0,10419.0,5.989058450906997,7.6561687513321255,3433.0,402.0,138133.0,238263.0,282.0,342.0,4573.0,61.66630220861579,89.32032896623575,419.0,816.2291169451073,1086.2903792315403
389,2021-02-26,5884,718.0,11270.0,6.370896184560781,8.031490393851588,4709.0,596.0,137851.0,237921.0,320.0,398.0,4796.0,66.72226855713095,95.8632730393618,484.0,822.314049586777,1125.5941132519708
390,2021-02-25,6935,832.0,12954.0,6.422726570943338,8.218110508944175,5503.0,778.0,137531.0,237523.0,404.0,428.0,2993.0,134.98162378884064,100.21389369140066,289.0,1480.9688581314879,1128.7746062283823
391,2021-02-24,7620,874.0,7780.0,11.233933161953727,8.538957671015343,6122.0,767.0,137127.0,237095.0,407.0,467.0,3125.0,130.23999999999998,104.65489577624615,306.0,1526.1437908496732,1164.5625296451715
392,2021-02-23,8536,976.0,8023.0,12.165025551539324,8.735715385329803,6791.0,906.0,136720.0,236628.0,474.0,502.0,3855.0,122.95719844357976,108.17776717735579,401.0,1251.8703241895262,1161.2186823631043
393,2021-02-22,10278,980.0,10986.0,8.92044420171127,9.02731568734637,8087.0,1156.0,136246.0,236126.0,456.0,510.0,4063.0,112.23234063499878,111.93978652505714,462.0,1103.896103896104,1173.2492738379904
394,2021-02-21,7033,1009.0,11637.0,8.670619575491965,9.25212347695411,5580.0,675.0,135790.0,235616.0,447.0,558.0,4307.0,103.78453680055723,113.22536044926824,485.0,1150.5154639175257,1215.3573789145703
395,2021-02-20,7161,904.0,12272.0,7.3663624511082135,9.33172512349914,5697.0,757.0,135343.0,235058.0,411.0,486.0,4761.0,86.32640201638311,116.38320157115247,613.0,792.8221859706363,1249.6467165401677
396,2021-02-19,9246,1068.0,12696.0,8.412098298676748,9.304079966306618,7322.0,1030.0,134932.0,234572.0,457.0,611.0,4911.0,93.05640399104053,115.77629541968517,674.0,906.5281899109792,1251.0573797192285
397,2021-02-18,10304,1149.0,14369.0,7.996381098197508,9.33561616911251,8094.0,1145.0,134475.0,233961.0,476.0,673.0,3306.0,143.98064125831823,113.60567236954633,379.0,1775.7255936675463,1238.0512892250736
398,2021-02-17,10419,1233.0,10457.0,11.79114468776896,9.262648637372829,8160.0,1162.0,133999.0,233288.0,523.0,710.0,3433.0,152.34488785318965,112.40697599830882,402.0,1766.1691542288559,1218.9703876000515
399,2021-02-16,11270,1311.0,10951.0,11.971509451191672,9.197234411073383,8800.0,1305.0,133476.0,232578.0,559.0,752.0,4709.0,118.70885538330856,111.16073420574182,596.0,1261.744966442953,1218.13517780986
400,2021-02-15,12954,1322.0,14462.0,9.14119762135251,9.030156672237721,10081.0,1622.0,132917.0,231826.0,534.0,788.0,5503.0,97.03797928402689,107.33542128596677,778.0,1012.853470437018,1185.2698061419048
401,2021-02-14,7780,1364.0,16716.0,8.159846853314189,8.878542221932433,6147.0,832.0,132383.0,231038.0,584.0,780.0,6122.0,95.39366220189481,102.43496101404115,767.0,1016.9491525423729,1106.8328165703504
402,2021-02-13,8023,1240.0,17949.0,6.90846286701209,8.745130710952122,6334.0,886.0,131799.0,230258.0,527.0,713.0,6791.0,77.60270946841408,95.8673734090455,906.0,786.9757174392936,1029.8390347716634
403,2021-02-12,10986,1318.0,18198.0,7.242554126827123,8.443793493737306,8577.0,1364.0,131272.0,229545.0,536.0,782.0,8087.0,66.2792135526153,90.9470503295476,1156.0,676.4705882352941,976.3581311050556
404,2021-02-11,11637,1440.0,20764.0,6.9350799460604895,8.35790797894787,9113.0,1394.0,130736.0,228763.0,612.0,828.0,5580.0,109.67741935483872,89.8982063123759,675.0,1226.6666666666665,957.5537363888503
405,2021-02-10,12272,1535.0,14138.0,10.857264110906776,8.254574452017556,9555.0,1549.0,130124.0,227935.0,606.0,929.0,5697.0,106.37177461822012,88.50793524151699,757.0,1227.2126816380448,931.6507470534389
406,2021-02-09,12696,1531.0,15524.0,9.862148930687967,8.271279549907353,9908.0,1599.0,129518.0,227006.0,617.0,914.0,7322.0,84.26659382682328,88.15235336940589,1030.0,887.3786407766991,930.6651628981812
407,2021-02-08,14369,1739.0,20363.0,8.53999901782645,8.232265612482795,11098.0,1884.0,128901.0,226092.0,726.0,1009.0,8094.0,89.69607116382505,88.9011346436004,1145.0,881.2227074235808,925.1838088275764
408,2021-02-07,10457,1675.0,22524.0,7.436512164801989,8.215473022692985,8169.0,1271.0,128175.0,225083.0,699.0,971.0,8160.0,85.66176470588235,90.84895827942292,1162.0,835.6282271944923,947.0610982048656
409,2021-02-06,10951,1679.0,23899.0,7.025398552240679,8.549649492831476,8574.0,1337.0,127476.0,224112.0,661.0,1018.0,8800.0,75.11363636363637,93.5834338887917,1305.0,780.0766283524905,981.5160424274864
410,2021-02-05,14462,1757.0,25210.0,6.969456564855216,8.694812841656978,11129.0,1969.0,126815.0,223094.0,721.0,1035.0,10081.0,71.52068247197698,95.15317063902634,1622.0,638.1011097410603,1001.8989010345855
411,2021-02-04,16716,1907.0,27972.0,6.817531817531817,8.683441777921898,13025.0,2084.0,126094.0,222059.0,758.0,1148.0,6147.0,123.31218480559622,97.529676783844,832.0,1379.8076923076924,1017.2274054260107
412,2021-02-03,17949,2096.0,15883.0,13.196499401876219,8.673445530890293,13818.0,2371.0,125336.0,220911.0,795.0,1301.0,6334.0,125.51310388380172,98.00066188117962,886.0,1468.3972911963883,1020.7884010984013
413,2021-02-02,18198,2222.0,20426.0,10.878292372466463,8.628463782825836,14000.0,2521.0,124541.0,219610.0,817.0,1405.0,8577.0,95.25475107846566,99.30947569554449,1364.0,1030.058651026393,1030.7640529579892
414,2021-02-01,20764,2347.0,27741.0,8.460401571680906,8.549947088760554,16029.0,2825.0,123724.0,218205.0,969.0,1378.0,9113.0,106.33161417754854,101.46254659539775,1394.0,988.5222381635581,1047.128741254004
415,2021-01-31,14138,2183.0,29634.0,7.366538435580752,8.502277406878061,11034.0,1724.0,122755.0,216827.0,850.0,1333.0,9555.0,88.95866038723182,102.85566626948068,1549.0,860.5551969012266,1033.445974374935
416,2021-01-30,15524,2193.0,32680.0,6.7105263157894735,8.069093772330033,12184.0,1871.0,121905.0,215494.0,835.0,1359.0,9908.0,84.27533306419055,103.31970451301234,1599.0,849.906191369606,998.693631354359
417,2021-01-29,20363,2379.0,37057.0,6.4198397063982515,7.922454570239572,15648.0,2892.0,121070.0,214135.0,961.0,1418.0,11098.0,86.59217877094973,103.9732079114406,1884.0,752.6539278131636,974.0121045553334
418,2021-01-28,22524,2719.0,41935.0,6.483844044354357,7.7125208328566615,17356.0,3020.0,120109.0,212717.0,1087.0,1632.0,8169.0,133.06402252417675,100.8257521981138,1271.0,1284.0283241542093,939.1149051905916
419,2021-01-27,23899,2742.0,26977.0,10.164213960040035,7.6773759789011375,18441.0,3159.0,119022.0,211085.0,1104.0,1638.0,8574.0,128.76137158852345,99.84121061435381,1337.0,1225.130890052356,918.0040796285739
420,2021-01-26,25210,2799.0,28411.0,9.851817957833234,7.657534783116839,19342.0,3558.0,117918.0,209447.0,1111.0,1688.0,11129.0,99.82927486746338,98.53657119702048,1969.0,857.2879634332148,894.5092358340038
421,2021-01-25,27972,2648.0,37878.0,6.990865410000528,7.677672042499892,21498.0,3933.0,116807.0,207759.0,1098.0,1551.0,13025.0,84.29942418426103,97.52068005757185,2084.0,744.2418426103646,874.9265634662572
422,2021-01-24,15883,2824.0,39660.0,7.120524457892083,7.615454220231696,12314.0,2050.0,115709.0,206208.0,1134.0,1690.0,13818.0,82.06686930091185,95.38146847089476,2371.0,712.7794179671025,851.3381618386591
423,2021-01-23,20426,2780.0,42303.0,6.571637945299388,7.720672331760369,15880.0,2589.0,114575.0,204518.0,1052.0,1728.0,14000.0,75.14285714285714,94.23443076999229,2521.0,685.442284807616,844.678629481023
424,2021-01-22,27741,3016.0,45970.0,6.560800522079617,7.7912645886667535,21437.0,3744.0,113523.0,202790.0,1274.0,1739.0,16029.0,79.48094079480941,93.75852793324394,2825.0,615.5752212389381,833.698744564561
425,2021-01-21,29634,3237.0,53519.0,6.048319288476989,8.011484889217078,22944.0,3919.0,112249.0,201051.0,1303.0,1929.0,11034.0,118.089541417437,93.214452552626,1724.0,1118.909512761021,836.8392192720679
426,2021-01-20,32680,3679.0,33750.0,10.90074074074074,8.01047780703526,25122.0,4529.0,110946.0,199122.0,1471.0,2205.0,12184.0,120.73210768220618,91.27471317702569,1871.0,1178.5141635489042,832.6936858140082
427,2021-01-19,37057,3768.0,36420.0,10.345963756177925,8.038171244840074,28593.0,5133.0,109475.0,196917.0,1510.0,2257.0,15648.0,96.49795501022494,90.73988044546343,2892.0,780.4287690179806,822.5032237026496
428,2021-01-18,41935,3711.0,43493.0,8.532407513852803,7.890729601268859,32534.0,5598.0,107965.0,194660.0,1397.0,2314.0,17356.0,80.49089651993548,87.73175168128064,3020.0,766.2251655629138,808.3716140577859
429,2021-01-17,26977,3424.0,48134.0,7.113474882619355,7.767569465622155,21331.0,3187.0,106568.0,192346.0,1263.0,2160.0,18441.0,68.48869367170977,87.61394601276955,3159.0,683.7606837606837,804.2068404577793
430,2021-01-16,28411,3569.0,52753.0,6.765492009933085,7.293105914740706,22317.0,3486.0,105305.0,190186.0,1381.0,2185.0,19342.0,71.39902802192121,83.59068341837016,3558.0,614.1090500281057,766.5103680509973
431,2021-01-15,37878,3295.0,59598.0,5.52870901708111,6.88056677189597,29362.0,5120.0,103924.0,188001.0,1256.0,2032.0,21498.0,58.42403944552982,80.4210857164383,3933.0,516.653953724892,751.9756721106996
432,2021-01-14,39660,3678.0,70919.0,5.18619833895007,7.587848484400575,30749.0,5371.0,102668.0,185969.0,1444.0,2234.0,12314.0,117.26490173785935,78.35529117473801,2050.0,1089.7560975609756,729.2353074462056
433,2021-01-13,42303,3840.0,50663.0,7.579495884570594,,32848.0,5637.0,101224.0,183735.0,1470.0,2368.0,15880.0,92.56926952141058,75.77603245773021,2589.0,914.6388567014291,704.229720064818
434,2021-01-12,45970,4134.0,55429.0,7.458189756264772,,35548.0,6453.0,99754.0,181367.0,1593.0,2541.0,21437.0,74.31077109670197,72.49095065333856,3744.0,678.6858974358975,681.4576916271384
435,2021-01-11,53519,3894.0,28880.0,13.483379501385043,,41487.0,7246.0,98161.0,178826.0,1515.0,2379.0,22944.0,66.03033472803348,69.94957547958245,3919.0,607.042612911457,664.4559860957767
436,2021-01-10,33750,3571.0,,,,26601.0,4127.0,96646.0,176447.0,1267.0,2304.0,25122.0,50.43388265265504,63.02218195459683,4529.0,508.72157209096935,615.5495948219933
437,2021-01-09,36420,3718.0,,,,28563.0,4674.0,95379.0,174143.0,1384.0,2334.0,28593.0,48.403455391179655,59.790383083081075,5133.0,454.70485096434834,583.4853765422957
438,2021-01-08,43493,3549.0,,,,33619.0,6161.0,93995.0,171809.0,1322.0,2226.0,32534.0,40.634413229237104,56.214756369538,5598.0,397.64201500535904,549.1976590514532
439,2021-01-07,48134,3849.0,,,,37475.0,6467.0,92673.0,169583.0,1467.0,2382.0,21331.0,68.77314706296,53.286127970229764,3187.0,747.4113586444932,520.6468205816967
440,2021-01-06,52753,3967.0,,,,41192.0,6758.0,91206.0,167201.0,1561.0,2406.0,22317.0,69.94667742080028,51.965533642354124,3486.0,690.1893287435456,498.607146442038
441,2021-01-05,59598,3697.0,,,,46782.0,7628.0,89645.0,164795.0,1447.0,2246.0,29362.0,49.281384101900414,49.877226354639916,5120.0,438.671875,476.68577203649147
442,2021-01-04,70919,3587.0,,,,56098.0,8480.0,88198.0,162549.0,1400.0,2187.0,30749.0,45.529935932875865,48.00125177519727,5371.0,407.1867436231614,456.7276859845055
443,2021-01-03,50663,3351.0,,,,40872.0,5141.0,86798.0,160362.0,1353.0,1998.0,32848.0,41.18972235752557,43.568365336868965,5637.0,354.44385311335816,402.6390475018366
444,2021-01-02,55429,3145.0,,,,44284.0,5977.0,85445.0,158364.0,1201.0,1944.0,35548.0,33.785304377180154,39.387697303947654,6453.0,301.25523012552304,355.26619700524964
445,2021-01-01,28880,3010.0,,,,22711.0,3569.0,84244.0,156420.0,1141.0,1869.0,41487.0,27.502591173138573,37.16620328431679,7246.0,257.9354126414574,332.5969313045285
