date,Overseas,UK,UK average,Overseas average,ratio,ratio average
2020-03-01,22,65,,,2.9545454545454546,
2020-03-02,27,91,,,3.3703703703703702,
2020-03-03,8,48,,,6.0,
2020-03-04,14,54,,,3.857142857142857,
2020-03-05,25,92,,,3.68,
2020-03-06,18,38,,,2.111111111111111,
2020-03-07,22,60,64.0,19.428571428571427,2.727272727272727,
2020-03-08,14,67,64.28571428571429,18.285714285714285,4.785714285714286,
2020-03-09,13,49,58.285714285714285,16.285714285714285,3.769230769230769,
2020-03-10,6,51,58.714285714285715,16.0,8.5,
2020-03-11,16,44,57.285714285714285,16.285714285714285,2.75,
2020-03-12,20,70,54.142857142857146,15.571428571428571,3.5,
2020-03-13,28,131,67.42857142857143,17.0,4.678571428571429,
2020-03-14,24,100,73.14285714285714,17.285714285714285,4.166666666666667,
2020-03-15,20,83,75.42857142857143,18.142857142857142,4.15,
2020-03-16,54,214,99.0,24.0,3.962962962962963,
2020-03-17,54,267,129.85714285714286,30.857142857142858,4.944444444444445,
2020-03-18,71,256,160.14285714285714,38.714285714285715,3.6056338028169015,
2020-03-19,119,425,210.85714285714286,52.857142857142854,3.5714285714285716,
2020-03-20,120,544,269.85714285714283,66.0,4.533333333333333,
2020-03-21,130,506,327.85714285714283,81.14285714285714,3.8923076923076922,4.071939832281885
2020-03-22,171,773,426.42857142857144,102.71428571428571,4.52046783625731,4.146507564744354
2020-03-23,44,156,418.14285714285717,101.28571428571429,3.5454545454545454,4.154844906415029
2020-03-24,25,131,398.7142857142857,97.14285714285714,5.24,4.118654430224553
2020-03-25,21,222,393.85714285714283,90.0,10.571428571428571,4.438382321381015
2020-03-26,40,175,358.14285714285717,78.71428571428571,4.375,4.471477559476253
2020-03-27,35,134,299.57142857142856,66.57142857142857,3.8285714285714287,4.553261384117222
2020-03-28,44,245,262.2857142857143,54.285714285714285,5.568181818181818,4.688542769398606
2020-03-29,35,301,194.85714285714286,34.857142857142854,8.6,4.87017542245983
2020-03-30,41,185,199.0,34.42857142857143,4.512195121951219,4.90555467735128
2020-03-31,24,177,205.57142857142858,34.285714285714285,7.375,4.851983248779852
2020-04-01,44,377,227.71428571428572,37.57142857142857,8.568181818181818,5.12903952583613
2020-04-02,58,363,254.57142857142858,40.142857142857146,6.258620689655173,5.2604024158197085
2020-04-03,45,273,274.42857142857144,41.57142857142857,6.066666666666666,5.32650218906234
2020-04-04,53,349,289.2857142857143,42.857142857142854,6.584905660377358,5.441656426858087
2020-04-05,37,219,277.57142857142856,43.142857142857146,5.918918918918919,5.525890661092321
2020-04-06,33,203,280.14285714285717,42.0,6.151515151515151,5.630107431975757
2020-04-07,46,184,281.14285714285717,45.142857142857146,4.0,5.585133887002213
2020-04-08,36,309,271.42857142857144,44.0,8.583333333333334,5.822167197979186
2020-04-09,59,353,270.0,44.142857142857146,5.983050847457627,5.9370063539805695
2020-04-10,33,276,270.42857142857144,42.42857142857143,8.363636363636363,6.119401736375953
2020-04-11,46,168,244.57142857142858,41.42857142857143,3.652173913043478,6.107966794506227
2020-04-12,35,176,238.42857142857142,41.142857142857146,5.0285714285714285,6.132162203664042
2020-04-13,29,217,240.42857142857142,40.57142857142857,7.482758620689655,6.319652873913334
2020-04-14,33,182,240.14285714285714,38.714285714285715,5.515151515151516,6.3327553270157875
2020-04-15,26,202,224.85714285714286,37.285714285714285,7.769230769230769,6.199317336434939
2020-04-16,44,263,212.0,35.142857142857146,5.9772727272727275,6.27561603773364
2020-04-17,51,266,210.57142857142858,37.714285714285715,5.215686274509804,6.341669125635468
2020-04-18,59,358,237.71428571428572,39.57142857142857,6.067796610169491,6.36546030620631
2020-04-19,34,155,234.71428571428572,39.42857142857143,4.5588235294117645,6.1730233314163945
2020-04-20,29,229,236.42857142857142,39.42857142857143,7.896551724137931,6.334183169615761
2020-04-21,35,253,246.57142857142858,39.714285714285715,7.228571428571429,6.327210380500115
2020-04-22,30,237,251.57142857142858,40.285714285714285,7.9,6.295392198681932
2020-04-23,138,768,323.7142857142857,53.714285714285715,5.565217391304348,6.262372993998559
2020-04-24,86,453,350.42857142857144,58.714285714285715,5.267441860465116,6.224314669893723
2020-04-25,114,570,380.7142857142857,66.57142857142857,5.0,6.1488429717805175
2020-04-26,76,428,419.7142857142857,72.57142857142857,5.631578947368421,6.135160115992397
2020-04-27,90,599,472.57142857142856,81.28571428571429,6.655555555555556,6.159162039994323
2020-04-28,39,308,480.42857142857144,81.85714285714286,7.897435897435898,6.344754225586508
2020-04-29,27,180,472.2857142857143,81.42857142857143,6.666666666666667,6.253484384316666
2020-04-30,29,401,419.85714285714283,65.85714285714286,13.827586206896552,6.627033687147091
2020-05-01,28,196,383.14285714285717,57.57142857142857,7.0,6.562098622212026
2020-05-02,32,153,323.57142857142856,45.857142857142854,4.78125,6.615864150162336
2020-05-03,15,96,276.14285714285717,37.142857142857146,6.4,6.681170272611316
2020-05-04,21,110,206.28571428571428,27.285714285714285,5.238095238095238,6.57428154010682
2020-05-05,41,167,186.14285714285714,27.571428571428573,4.073170731707317,6.505615788514239
2020-05-06,31,136,179.85714285714286,28.142857142857142,4.387096774193548,6.344561788750563
2020-05-07,21,126,140.57142857142858,27.0,6.0,6.345644039832813
2020-05-08,5,42,118.57142857142857,23.714285714285715,8.4,6.497278026760918
2020-05-09,19,145,117.42857142857143,21.857142857142858,7.631578947368421,6.571743852341818
2020-05-10,29,151,125.28571428571429,23.857142857142858,5.206896551724138,6.602604472451932
2020-05-11,34,131,128.28571428571428,25.714285714285715,3.8529411764705883,6.4100515892296785
2020-05-12,30,154,126.42857142857143,24.142857142857142,5.133333333333334,6.310278346599293
2020-05-13,25,262,144.42857142857142,23.285714285714285,10.48,6.4331354894564345
2020-05-14,36,178,151.85714285714286,25.428571428571427,4.944444444444445,6.403574872939298
2020-05-15,35,179,171.42857142857142,29.714285714285715,5.114285714285714,6.39628172312123
2020-05-16,34,146,171.57142857142858,31.857142857142858,4.294117647058823,6.362668277743079
2020-05-17,21,83,161.85714285714286,30.714285714285715,3.9523809523809526,6.282706468457961
2020-05-18,24,137,162.71428571428572,29.285714285714285,5.708333333333333,6.237600648352141
2020-05-19,20,137,160.28571428571428,27.857142857142858,6.85,6.187722748474242
2020-05-20,38,167,146.71428571428572,29.714285714285715,4.394736842105263,6.079535613971317
2020-05-21,30,174,146.14285714285714,28.857142857142858,5.8,5.697269604119102
2020-05-22,14,174,145.42857142857142,25.857142857142858,12.428571428571429,5.955773005479645
2020-05-23,36,380,178.85714285714286,26.142857142857142,10.555555555555555,6.230739936696577
2020-05-24,34,274,206.14285714285714,28.0,8.058823529411764,6.309731533335232
2020-05-25,39,320,232.28571428571428,30.142857142857142,8.205128205128204,6.451018817479659
2020-05-26,41,369,265.42857142857144,33.142857142857146,9.0,6.6856297350174065
2020-05-27,26,224,273.57142857142856,31.428571428571427,8.615384615384615,6.886976775074123
2020-05-28,48,400,305.85714285714283,34.0,8.333333333333334,6.998087886185234
2020-05-29,44,401,338.2857142857143,38.285714285714285,9.113636363636363,7.032070570167919
2020-05-30,45,249,319.57142857142856,39.57142857142857,5.533333333333333,6.932154112356723
2020-05-31,29,117,297.14285714285717,38.857142857142854,4.0344827586206895,6.876324884113703
2020-06-01,37,171,275.85714285714283,38.57142857142857,4.621621621621622,6.9129287148351795
2020-06-02,63,624,312.2857142857143,41.714285714285715,9.904761904761905,7.14013959918892
2020-06-03,39,515,353.85714285714283,43.57142857142857,13.205128205128204,7.269907608956931
2020-06-04,63,348,346.42857142857144,45.714285714285715,5.523809523809524,7.297496422260029
2020-06-05,25,175,314.14285714285717,43.0,7.0,7.3872923406273765
2020-06-06,40,225,310.7142857142857,42.285714285714285,5.625,7.450667690767432
2020-06-07,36,183,320.14285714285717,43.285714285714285,5.083333333333333,7.50452256605088
2020-06-08,41,246,330.85714285714283,43.857142857142854,6.0,7.518411454939768
2020-06-09,53,260,278.85714285714283,42.42857142857143,4.90566037735849,7.425823853861601
2020-06-10,52,327,252.0,44.285714285714285,6.288461538461538,7.516001220354758
2020-06-11,99,398,259.14285714285717,49.42857142857143,4.02020202020202,7.431248935602473
2020-06-12,61,306,277.85714285714283,54.57142857142857,5.016393442622951,7.078288079128736
2020-06-13,67,246,280.85714285714283,58.42857142857143,3.671641791044776,6.75048266177108
2020-06-14,47,210,284.7142857142857,60.0,4.468085106382978,6.579495117817327
2020-06-15,31,180,275.2857142857143,58.57142857142857,5.806451612903226,6.465272422949472
2020-06-16,48,215,268.85714285714283,57.857142857142854,4.479166666666667,6.249994645171695
2020-06-17,29,155,244.28571428571428,54.57142857142857,5.344827586206897,6.09425383425847
2020-06-18,42,442,250.57142857142858,46.42857142857143,10.523809523809524,6.198562224281145
2020-06-19,44,291,248.42857142857142,44.0,6.613636363636363,6.079514605233525
2020-06-20,53,218,244.42857142857142,42.0,4.113207547169812,6.0118895677971675
2020-06-21,36,126,232.42857142857142,40.42857142857143,3.5,5.98643800786285
2020-06-22,47,245,241.71428571428572,42.714285714285715,5.212765957446808,6.014587738140239
2020-06-23,39,208,240.71428571428572,41.42857142857143,5.333333333333333,5.796900663310307
2020-06-24,22,226,250.85714285714286,40.42857142857143,10.272727272727273,5.657262523672167
2020-06-25,42,228,220.28571428571428,40.42857142857143,5.428571428571429,5.652727376279877
2020-06-26,36,220,210.14285714285714,39.285714285714285,6.111111111111111,5.610399333951834
2020-06-27,36,293,220.85714285714286,36.857142857142854,8.13888888888889,5.730108328660829
2020-06-28,25,225,235.0,35.285714285714285,9.0,5.9166162651687655
2020-06-29,20,161,223.0,31.428571428571427,8.05,6.014235312787814
2020-06-30,23,183,219.42857142857142,29.142857142857142,7.956521739130435,6.159514425253144
2020-07-01,45,208,216.85714285714286,32.42857142857143,4.622222222222222,6.080169695908415
2020-07-02,81,242,218.85714285714286,38.0,2.9876543209876543,6.031000757850587
2020-07-03,45,146,208.28571428571428,39.285714285714285,3.2444444444444445,5.946622234127803
2020-07-04,60,156,188.71428571428572,42.714285714285715,2.6,5.89559167264948
2020-07-05,35,108,172.0,44.142857142857146,3.085714285714286,5.829764490712875
2020-07-06,25,93,162.28571428571428,44.857142857142854,3.72,5.730409652003198
2020-07-07,35,138,155.85714285714286,46.57142857142857,3.942857142857143,5.704871103250363
2020-07-08,31,121,143.42857142857142,44.57142857142857,3.903225806451613,5.636223399452492
2020-07-09,50,184,135.14285714285714,40.142857142857146,3.68,5.310327707842515
2020-07-10,41,113,130.42857142857142,39.57142857142857,2.7560975609756095,5.126635383906288
2020-07-11,28,160,131.0,35.0,5.714285714285714,5.202877201387999
2020-07-12,44,164,139.0,36.285714285714285,3.727272727272727,5.213699712210508
2020-07-13,27,103,140.42857142857142,36.57142857142857,3.814814814814815,5.1471306101804135
2020-07-14,27,109,136.28571428571428,35.42857142857143,4.037037037037037,5.085402215118686
2020-07-15,27,136,138.42857142857142,34.857142857142854,5.037037037037037,4.83608363246677
2020-07-16,72,348,161.85714285714286,38.0,4.833333333333333,4.807738961264956
2020-07-17,43,162,168.85714285714286,38.285714285714285,3.7674418604651163,4.696135663615147
2020-07-18,53,279,185.85714285714286,41.857142857142854,5.264150943396227,4.559243380496449
2020-07-19,32,141,182.57142857142858,40.142857142857146,4.40625,4.340493380496449
2020-07-20,38,149,189.14285714285714,41.714285714285715,3.9210526315789473,4.143876839143065
2020-07-21,36,122,191.0,43.0,3.388888888888889,3.926370512941087
2020-07-22,25,101,186.0,42.714285714285715,4.04,3.898645645216219
2020-07-23,48,153,158.14285714285714,39.285714285714285,3.1875,3.9081621061215692
2020-07-24,34,135,154.28571428571428,38.0,3.9705882352941178,3.9427403818763147
2020-07-25,27,146,135.28571428571428,34.285714285714285,5.407407407407407,4.076426448895715
2020-07-26,21,95,128.71428571428572,32.714285714285715,4.523809523809524,4.144907174519298
2020-07-27,35,125,125.28571428571429,32.285714285714285,3.5714285714285716,4.137832344587325
2020-07-28,23,93,121.14285714285714,30.428571428571427,4.043478260869565,4.1426238263974415
2020-07-29,27,132,125.57142857142857,30.714285714285715,4.888888888888889,4.189560163656359
2020-07-30,41,137,123.28571428571429,29.714285714285715,3.341463414634146,4.173439373877033
2020-07-31,34,153,125.85714285714286,29.714285714285715,4.5,4.256482347163908
2020-08-01,19,88,117.57142857142857,28.571428571428573,4.631578947368421,4.204924882072608
2020-08-02,18,77,115.0,28.142857142857142,4.277777777777778,4.2311394082871345
2020-08-03,54,223,129.0,30.857142857142858,4.12962962962963,4.2461305899449835
2020-08-04,40,255,152.14285714285714,33.285714285714285,6.375,4.357462159609886
2020-08-05,47,364,185.28571428571428,36.142857142857146,7.74468085106383,4.486397579325447
2020-08-06,59,286,206.57142857142858,38.714285714285715,4.8474576271186445,4.487070164743795
2020-08-07,57,222,216.42857142857142,42.0,3.8947368421052633,4.493131830536184
2020-08-08,71,251,239.71428571428572,49.42857142857143,3.535211267605634,4.4108013697842505
2020-08-09,100,343,277.7142857142857,61.142857142857146,3.43,4.364313274546155
2020-08-10,30,107,261.14285714285717,57.714285714285715,3.566666666666667,4.347437752407475
2020-08-11,28,97,238.57142857142858,56.0,3.4642857142857144,4.351028077426371
2020-08-12,41,110,202.28571428571428,55.142857142857146,2.682926829268293,4.286405545486766
2020-08-13,35,116,178.0,51.714285714285715,3.3142857142857145,4.292442960452753
2020-08-14,31,119,163.28571428571428,48.0,3.838709677419355,4.286163029125383
2020-08-15,19,107,142.71428571428572,40.57142857142857,5.631578947368421,4.296837864361622
2020-08-16,16,77,104.71428571428571,28.571428571428573,4.8125,4.310585029894502
2020-08-17,21,89,102.14285714285714,27.285714285714285,4.238095238095238,4.342331061640534
2020-08-18,16,80,99.71428571428571,25.571428571428573,5.0,4.38787971588484
2020-08-19,32,116,100.57142857142857,24.285714285714285,3.625,4.327694530699655
2020-08-20,23,114,100.28571428571429,22.571428571428573,4.956521739130435,4.404602069961383
2020-08-21,32,98,97.28571428571429,22.714285714285715,3.0625,4.336149689009002
2020-08-22,29,96,95.71428571428571,24.142857142857142,3.310344827586207,4.273233778543182
2020-08-23,10,75,95.42857142857143,23.285714285714285,7.5,4.426672931982336
2020-08-24,18,69,92.57142857142857,22.857142857142858,3.8333333333333335,4.4125635845396545
2020-08-25,25,105,96.14285714285714,24.142857142857142,4.2,4.308992155968226
2020-08-26,26,89,92.28571428571429,23.285714285714285,3.423076923076923,4.103201492730754
2020-08-27,33,112,92.0,24.714285714285715,3.393939393939394,4.033986338769838
2020-08-28,24,97,91.85714285714286,23.571428571428573,4.041666666666667,4.040982997082286
2020-08-29,22,52,85.57142857142857,22.571428571428573,2.3636363636363638,3.9851937159408912
2020-08-30,29,131,93.57142857142857,25.285714285714285,4.517241379310345,4.0369671149556705
2020-08-31,29,127,101.85714285714286,26.857142857142858,4.379310344827586,4.0756644329633325
2020-09-01,18,85,99.0,25.857142857142858,4.722222222222222,4.1355661714364995
2020-09-02,18,92,99.42857142857143,24.714285714285715,5.111111111111111,4.251193994381396
2020-09-03,19,138,103.14285714285714,22.714285714285715,7.2631578947368425,4.439235526783831
2020-09-04,36,506,161.57142857142858,24.428571428571427,14.055555555555555,4.925751997171269
2020-09-05,46,414,213.28571428571428,27.857142857142858,9.0,5.086152999677535
2020-09-06,33,195,222.42857142857142,28.428571428571427,5.909090909090909,5.138371614396149
2020-09-07,37,152,226.0,29.571428571428573,4.108108108108108,5.132181751063429
2020-09-08,17,152,235.57142857142858,29.428571428571427,8.941176470588236,5.31985682109144
2020-09-09,29,153,244.28571428571428,31.0,5.275862068965517,5.398469300565988
2020-09-10,35,170,248.85714285714286,33.285714285714285,4.857142857142857,5.3937369728522935
2020-09-11,25,269,215.0,31.714285714285715,10.76,5.7602845918999135
2020-09-12,24,213,186.28571428571428,28.571428571428573,8.875,6.025268171538666
2020-09-13,24,285,199.14285714285714,27.285714285714285,11.875,6.233601504871998
2020-09-14,15,116,194.0,24.142857142857142,7.733333333333333,6.419315790586284
2020-09-15,46,381,226.71428571428572,28.285714285714285,8.282608695652174,6.613725728474484
2020-09-16,35,197,233.0,29.142857142857142,5.628571428571429,6.718749276355174
2020-09-17,44,313,253.42857142857142,30.428571428571427,7.113636363636363,6.8958777034836
2020-09-18,31,271,253.71428571428572,31.285714285714285,8.741935483870968,7.119700028112377
2020-09-19,39,252,259.2857142857143,33.42857142857143,6.461538461538462,7.314838223250571
2020-09-20,35,195,246.42857142857142,35.0,5.571428571428571,7.36503761335144
2020-09-21,24,223,261.7142857142857,36.285714285714285,9.291666666666666,7.598959342962825
2020-09-22,41,225,239.42857142857142,35.57142857142857,5.487804878048781,7.635415659906947
2020-09-23,51,296,253.57142857142858,37.857142857142854,5.803921568627451,7.668406634074392
2020-09-24,51,279,248.71428571428572,38.857142857142854,5.470588235294118,7.583046174100929
2020-09-25,34,329,257.0,39.285714285714285,9.676470588235293,7.37451831851425
2020-09-26,35,223,252.85714285714286,38.714285714285715,6.371428571428571,7.2493482504870395
2020-09-27,25,174,249.85714285714286,37.285714285714285,6.96,7.299391540530329
2020-09-28,39,184,244.28571428571428,39.42857142857143,4.717948717948718,7.328431569570357
2020-09-29,34,168,236.14285714285714,38.42857142857143,4.9411764705882355,7.137955379094167
2020-09-30,68,1063,345.7142857142857,40.857142857142854,15.632352941176471,7.631121611104212
2020-10-01,50,238,339.85714285714283,40.714285714285715,4.76,7.626495760764078
2020-10-02,33,236,326.57142857142856,40.57142857142857,7.151515151515151,7.454663148931464
2020-10-03,23,200,323.2857142857143,38.857142857142854,8.695652173913043,7.446122776260657
2020-10-04,22,199,326.85714285714283,38.42857142857143,9.045454545454545,7.311382516520397
2020-10-05,39,192,328.0,38.42857142857143,4.923076923076923,7.177560782698665
2020-10-06,20,127,322.14285714285717,36.42857142857143,6.35,7.085531797191417
2020-10-07,28,181,196.14285714285714,30.714285714285715,6.464285714285714,7.125327715558764
2020-10-08,23,176,187.28571428571428,26.857142857142858,7.6521739130434785,7.150972360768627
2020-10-09,28,168,177.57142857142858,26.142857142857142,6.0,7.020404004393819
2020-10-10,27,158,171.57142857142858,26.714285714285715,5.851851851851852,6.991371308694457
2020-10-11,54,437,205.57142857142858,31.285714285714285,8.092592592592593,7.111426738273696
2020-10-12,20,167,202.0,28.571428571428573,8.35,7.066585468432426
2020-10-13,25,123,201.42857142857142,29.285714285714285,4.92,7.039547140906293
2020-10-14,33,226,207.85714285714286,30.0,6.848484848484849,7.08928824947093
2020-10-15,28,162,205.85714285714286,30.714285714285715,5.785714285714286,7.104294251871892
2020-10-16,31,158,204.42857142857142,31.142857142857142,5.096774193548387,6.886213471172516
2020-10-17,31,136,201.28571428571428,31.714285714285715,4.387096774193548,6.79172148082799
2020-10-18,16,118,155.71428571428572,26.285714285714285,7.375,6.811483385589895
2020-10-19,31,115,148.28571428571428,27.857142857142858,3.7096774193548385,6.763470466609234
2020-10-20,30,139,150.57142857142858,28.571428571428573,4.633333333333334,6.748811269597096
2020-10-21,36,143,138.71428571428572,29.0,3.9722222222222223,6.193566949646894
2020-10-22,42,168,139.57142857142858,31.0,4.0,6.1573764734564165
2020-10-23,34,128,135.28571428571428,31.428571428571427,3.764705882352941,5.99609984159155
2020-10-24,17,161,138.85714285714286,29.428571428571427,9.470588235294118,6.033001558800173
2020-10-25,22,127,140.14285714285714,30.285714285714285,5.7727272727272725,5.877157402956017
2020-10-26,27,162,146.85714285714286,29.714285714285715,6.0,5.928439454238068
2020-10-27,20,159,149.71428571428572,28.285714285714285,7.95,6.004629930428544
2020-10-28,41,225,161.42857142857142,29.0,5.487804878048781,5.95813084298869
2020-10-29,18,202,166.28571428571428,25.571428571428573,11.222222222222221,6.1281331434257735
2020-10-30,28,206,177.42857142857142,24.714285714285715,7.357142857142857,6.19275899376591
2020-10-31,50,214,185.0,29.428571428571427,4.28,6.117908905582489
2020-11-01,33,263,204.42857142857142,31.0,7.96969696969697,6.112056733063649
2020-11-02,31,218,212.42857142857142,31.571428571428573,7.032258064516129,6.049307117088226
2020-11-03,52,326,236.28571428571428,36.142857142857146,6.269230769230769,6.113556201337311
2020-11-04,60,582,287.2857142857143,38.857142857142854,9.7,6.249342637123745
2020-11-05,31,180,284.14285714285717,40.714285714285715,5.806451612903226,6.250330128894648
2020-11-06,34,118,271.57142857142856,41.57142857142857,3.4705882352941178,6.1728927023111115
2020-11-07,29,119,258.0,38.57142857142857,4.103448275862069,6.159385630961994
2020-11-08,21,122,237.85714285714286,36.857142857142854,5.809523809523809,6.084839145701222
2020-11-09,16,126,224.71428571428572,34.714285714285715,7.875,6.283187840017659
2020-11-10,21,191,205.42857142857142,30.285714285714285,9.095238095238095,6.495659495346457
2020-11-11,27,227,154.71428571428572,25.571428571428573,8.407407407407407,6.706858789879085
2020-11-12,42,202,157.85714285714286,27.142857142857142,4.809523809523809,6.745407542713552
2020-11-13,25,192,168.42857142857142,25.857142857142858,7.68,6.9318501197443645
2020-11-14,16,118,168.28571428571428,24.0,7.375,6.832060203777978
2020-11-15,30,134,170.0,25.285714285714285,4.466666666666667,6.769866841584616
2020-11-16,22,119,169.0,26.142857142857142,5.409090909090909,6.741728313446087
2020-11-17,36,139,161.57142857142858,28.285714285714285,3.861111111111111,6.547019318737092
2020-11-18,21,114,145.42857142857142,27.428571428571427,5.428571428571429,6.54419867828579
2020-11-19,26,151,138.14285714285714,25.142857142857142,5.8076923076923075,6.286363920451032
2020-11-20,44,207,140.28571428571428,27.857142857142858,4.704545454545454,6.160049758422583
2020-11-21,35,176,148.57142857142858,30.571428571428573,5.0285714285714285,6.195696016925986
2020-11-22,20,117,146.14285714285714,29.142857142857142,5.85,6.094758065988034
2020-11-23,19,119,146.14285714285714,28.714285714285715,6.2631578947368425,6.058134248379497
2020-11-24,16,124,144.0,25.857142857142858,7.75,6.1286470688923185
2020-11-25,22,141,147.85714285714286,26.0,6.409090909090909,5.971937112182362
2020-11-26,37,367,178.71428571428572,27.571428571428573,9.91891891891892,6.1677688886593
2020-11-27,67,1087,304.42857142857144,30.857142857142858,16.223880597014926,6.775068524931719
2020-11-28,78,710,380.7142857142857,37.0,9.102564102564102,7.013121659536577
2020-11-29,56,520,438.2857142857143,42.142857142857146,9.285714285714286,7.17865453935517
2020-11-30,84,719,524.0,51.42857142857143,8.55952380952381,7.211250911237257
2020-12-01,31,206,535.7142857142857,53.57142857142857,6.645161290322581,7.094580587193663
2020-12-02,27,121,532.8571428571429,54.285714285714285,4.481481481481482,6.907631733578141
2020-12-03,29,139,500.2857142857143,53.142857142857146,4.793103448275862,6.906849811613954
2020-12-04,24,110,360.7142857142857,47.0,4.583333333333333,6.759389494153636
2020-12-05,22,96,273.0,39.0,4.363636363636363,6.6159912257553675
2020-12-06,19,108,214.14285714285714,33.714285714285715,5.684210526315789,6.673969504786278
2020-12-07,18,113,127.57142857142857,24.285714285714285,6.277777777777778,6.71533554615232
2020-12-08,16,104,113.0,22.142857142857142,6.5,6.840996921813696
2020-12-09,12,121,113.0,20.0,10.083333333333334,7.062652250611881
2020-12-10,25,143,113.57142857142857,19.428571428571427,5.72,7.058476426436057
2020-12-11,25,137,117.42857142857143,19.571428571428573,5.48,7.095402833362465
2020-12-12,25,113,119.85714285714286,20.0,4.52,7.071185146287634
2020-12-13,18,112,120.42857142857143,19.857142857142858,6.222222222222222,7.0889100140125025
2020-12-14,16,95,117.85714285714286,19.571428571428573,5.9375,7.073402495215509
2020-12-15,20,100,117.28571428571429,20.142857142857142,5.0,6.942450114263129
2020-12-16,21,111,115.85714285714286,21.428571428571427,5.285714285714286,6.888955989340432
2020-12-17,27,221,127.0,21.714285714285715,8.185185185185185,6.8063972401150155
2020-12-18,32,311,151.85714285714286,22.714285714285715,9.71875,6.4966291164476395
2020-12-19,31,198,164.0,23.571428571428573,6.387096774193548,6.367321148429994
2020-12-20,20,122,165.42857142857142,23.857142857142858,6.1,6.215620468157884
2020-12-21,21,158,174.42857142857142,24.571428571428573,7.523809523809524,6.166300740266728
2020-12-22,27,180,185.85714285714286,25.571428571428573,6.666666666666667,6.167324805806923
2020-12-23,22,187,196.71428571428572,25.714285714285715,8.5,6.35868283049828
2020-12-24,30,182,191.14285714285714,26.142857142857142,6.066666666666666,6.419328698040699
2020-12-25,17,75,157.42857142857142,24.0,4.411764705882353,6.411158763400178
2020-12-26,39,228,161.71428571428572,25.142857142857142,5.846153846153846,6.481754833996248
2020-12-27,33,106,159.42857142857142,27.0,3.212121212121212,6.364036295225079
2020-12-28,41,166,160.57142857142858,29.857142857142858,4.048780487804878,6.25789356713113
2020-12-29,20,118,151.71428571428572,28.857142857142858,5.9,6.2293221385597
2020-12-30,21,175,150.0,28.714285714285715,8.333333333333334,6.145988805226367
2020-12-31,21,180,149.71428571428572,27.428571428571427,8.571428571428571,6.281771118151537
2021-01-01,22,161,162.0,28.142857142857142,7.318181818181818,6.369303585684006
2021-01-02,32,159,152.14285714285714,27.142857142857142,4.96875,6.390672633303053
2021-01-03,27,128,155.28571428571428,26.285714285714285,4.7407407407407405,6.32012589608965
2021-01-04,32,206,161.0,25.0,6.4375,6.343935419899173
2021-01-05,18,112,160.14285714285714,24.714285714285715,6.222222222222222,6.40213647810023
2021-01-06,23,141,155.28571428571428,25.0,6.130434782608695,6.4423612636666325
2021-01-07,39,173,154.28571428571428,27.571428571428573,4.435897435897436,6.263823751795787
2021-01-08,21,113,147.42857142857142,27.428571428571427,5.380952380952381,6.057261960412567
2021-01-09,30,157,147.14285714285714,27.142857142857142,5.233333333333333,6.002320844181128
2021-01-10,26,151,150.42857142857142,27.0,5.8076923076923075,5.988401430261714
2021-01-11,17,117,137.71428571428572,24.857142857142858,6.882352941176471,5.9578558787077585
2021-01-12,23,107,137.0,25.571428571428573,4.6521739130434785,5.86192765234475
2021-01-13,37,150,138.28571428571428,27.571428571428573,4.054054054054054,5.6502159406330374
2021-01-14,43,162,136.71428571428572,28.142857142857142,3.7674418604651163,5.540729045099631
2021-01-15,15,125,138.42857142857142,27.285714285714285,8.333333333333334,5.727470408311582
2021-01-16,25,151,137.57142857142858,26.571428571428573,6.04,5.7367011775423515
2021-01-17,29,110,131.71428571428572,27.0,3.793103448275862,5.764366998311621
2021-01-18,48,186,141.57142857142858,31.428571428571427,3.875,5.756091736987579
2021-01-19,24,144,146.85714285714286,31.571428571428573,6.0,5.760853641749484
2021-01-20,42,162,148.57142857142858,32.285714285714285,3.857142857142857,5.547701714311843
2021-01-21,62,222,157.14285714285714,35.0,3.5806451612903225,5.3100453614481165
2021-01-22,58,238,173.28571428571428,41.142857142857146,4.103448275862069,5.156962811813842
2021-01-23,55,269,190.14285714285714,45.42857142857143,4.890909090909091,5.1532561018571315
2021-01-24,76,285,215.14285714285714,52.142857142857146,3.75,5.106077971345668
2021-01-25,40,98,202.57142857142858,51.0,2.45,4.916197018964716
2021-01-26,27,111,197.85714285714286,51.42857142857143,4.111111111111111,4.815667918435615
2021-01-27,38,682,272.14285714285717,50.857142857142854,17.94736842105263,5.378379044075803
2021-01-28,30,252,276.42857142857144,46.285714285714285,8.4,5.567145832842591
2021-01-29,30,196,270.42857142857144,42.285714285714285,6.533333333333333,5.622021116289303
2021-01-30,30,220,263.42857142857144,38.714285714285715,7.333333333333333,5.722021116289303
2021-01-31,31,164,246.14285714285714,32.285714285714285,5.290322580645161,5.697384462620391
2021-02-01,23,189,259.14285714285717,29.857142857142858,8.217391304347826,5.760957718009504
2021-02-02,26,124,261.0,29.714285714285715,4.769230769230769,5.766531854018423
2021-02-03,40,186,190.14285714285714,30.0,4.65,5.794910232396801
2021-02-04,37,175,179.14285714285714,31.0,4.72972972972973,5.8407334642665445
2021-02-05,33,270,189.71428571428572,31.428571428571427,8.181818181818182,5.833518457051538
2021-02-06,28,183,184.42857142857142,31.142857142857142,6.535714285714286,5.857123899228408
2021-02-07,24,148,182.14285714285714,30.142857142857142,6.166666666666667,5.970150719151779
2021-02-08,27,173,179.85714285714286,30.714285714285715,6.407407407407407,6.0907415480759415
2021-02-09,19,131,180.85714285714286,29.714285714285715,6.894736842105263,6.133348064366668
2021-02-10,38,194,182.0,29.428571428571427,5.105263157894737,6.192782364402472
2021-02-11,36,342,205.85714285714286,29.285714285714285,9.5,6.474656404341028
2021-02-12,37,324,213.57142857142858,29.857142857142858,8.756756756756756,6.696242522478871
2021-02-13,31,238,221.42857142857142,30.285714285714285,7.67741935483871,6.8289334874279
2021-02-14,29,183,226.42857142857142,31.0,6.310344827586207,6.950854669693909
2021-02-15,31,140,221.71428571428572,31.571428571428573,4.516129032258065,7.049241766468104
2021-02-16,27,148,224.14285714285714,32.714285714285715,5.481481481481482,7.114497498390501
2021-02-17,32,179,222.0,31.857142857142858,5.59375,6.526229954530852
2021-02-18,39,145,193.85714285714286,32.285714285714285,3.717948717948718,6.30327513157603
2021-02-19,20,162,170.71428571428572,29.857142857142858,8.1,6.377878306179205
2021-02-20,29,139,156.57142857142858,29.571428571428573,4.793103448275862,6.256914978319325
2021-02-21,19,95,144.0,28.142857142857142,5.0,6.243090093526699
2021-02-22,25,102,138.57142857142858,27.285714285714285,4.08,6.046071459986326
2021-02-23,18,110,133.14285714285714,26.0,6.111111111111111,6.10997052388539
2021-02-24,18,140,127.57142857142857,24.0,7.777777777777778,6.258912322827188
2021-02-25,35,150,128.28571428571428,23.428571428571427,4.285714285714286,6.237768730255024
2021-02-26,50,462,171.14285714285714,27.714285714285715,9.24,6.288158340644635
2021-02-27,20,199,179.71428571428572,26.428571428571427,9.95,6.4507433746582405
2021-02-28,19,140,186.14285714285714,26.428571428571427,7.368421052631579,6.507969773989903
2021-03-01,24,173,196.28571428571428,26.285714285714285,7.208333333333333,6.5461091037958985
2021-03-02,17,232,213.71428571428572,26.142857142857142,13.647058823529411,6.8676482457684775
2021-03-03,37,345,243.0,28.857142857142858,9.324324324324325,7.068555920360363
2021-03-04,32,187,248.28571428571428,28.428571428571427,5.84375,6.89444877750322
2021-03-05,18,130,200.85714285714286,23.857142857142858,7.222222222222222,6.821375704430148
2021-03-06,25,182,198.42857142857142,24.571428571428573,7.28,6.8024509732473515
2021-03-07,24,118,195.28571428571428,25.285714285714285,4.916666666666667,6.736085346536896
2021-03-08,40,189,197.57142857142858,27.571428571428573,4.725,6.746031583096037
2021-03-09,47,171,188.85714285714286,31.857142857142858,3.6382978723404253,6.6582609350417
2021-03-10,32,176,164.71428571428572,31.142857142857142,5.5,6.653796649327415
2021-03-11,112,383,192.71428571428572,42.57142857142857,3.419642857142857,6.63959160833666
2021-03-12,48,471,241.42857142857142,46.857142857142854,9.8125,6.72113922738428
2021-03-13,65,263,253.0,52.57142857142857,4.046153846153846,6.685570198711802
2021-03-14,60,235,269.7142857142857,57.714285714285715,3.9166666666666665,6.633982897124501
2021-03-15,34,176,267.85714285714283,56.857142857142854,5.176470588235294,6.686195782278562
2021-03-16,33,170,267.7142857142857,54.857142857142854,5.151515151515151,6.640500736583515
2021-03-17,35,253,278.7142857142857,55.285714285714285,7.228571428571429,6.6143480532879755
2021-03-18,44,272,262.85714285714283,45.57142857142857,6.181818181818182,6.704638715007209
2021-03-19,23,210,225.57142857142858,42.0,9.130434782608695,6.69942132370286
2021-03-20,27,270,226.57142857142858,36.57142857142857,10.0,6.701802276083813
2021-03-21,20,134,212.14285714285714,30.857142857142858,6.7,6.669972702148977
2021-03-22,27,146,207.85714285714286,29.857142857142858,5.407407407407407,6.584214324723932
2021-03-23,27,193,211.14285714285714,29.0,7.148148148148148,6.274742387801015
2021-03-24,40,193,202.57142857142858,29.714285714285715,4.825,6.060488848547476
2021-03-25,52,233,197.0,30.857142857142858,4.480769230769231,5.9955850023936295
2021-03-26,27,340,215.57142857142858,31.428571428571427,12.592592592592593,6.251316924792219
2021-03-27,16,210,207.0,29.857142857142858,13.125,6.529650258125552
2021-03-28,24,203,216.85714285714286,30.428571428571427,8.458333333333334,6.698301051776347
2021-03-29,30,221,227.57142857142858,30.857142857142858,7.366666666666666,6.8240947025699965
2021-03-30,23,153,221.85714285714286,30.285714285714285,6.6521739130434785,6.967612609270142
2021-03-31,27,123,211.85714285714286,28.428571428571427,4.555555555555555,6.922639064296597
2021-04-01,22,162,201.71428571428572,24.142857142857142,7.363636363636363,7.110448278891526
2021-04-02,25,187,179.85714285714286,23.857142857142858,7.48,6.999376850320097
2021-04-03,18,143,170.28571428571428,24.142857142857142,7.944444444444445,7.185009735952984
2021-04-04,16,141,161.42857142857142,23.0,8.8125,7.418144656587903
2021-04-05,25,145,150.57142857142858,22.285714285714285,5.8,7.447836533338604
2021-04-06,18,119,145.71428571428572,21.571428571428573,6.611111111111111,7.517341102843173
2021-04-07,20,123,145.71428571428572,20.571428571428573,6.15,7.465980558625486
2021-04-08,27,182,148.57142857142858,21.285714285714285,6.7407407407407405,7.492595918574179
2021-04-09,19,150,143.28571428571428,20.428571428571427,7.894736842105263,7.433753159502587
2021-04-10,14,142,143.14285714285714,19.857142857142858,10.142857142857142,7.440555880591024
2021-04-11,21,147,144.0,20.571428571428573,7.0,7.4548415948767355
2021-04-12,13,76,134.14285714285714,18.857142857142858,5.846153846153846,7.4757342824360915
2021-04-13,18,137,136.71428571428572,18.857142857142858,7.611111111111111,7.497780137815281
2021-04-14,19,131,137.85714285714286,18.714285714285715,6.894736842105263,7.596339035058389
2021-04-15,25,120,129.0,18.428571428571427,4.8,7.611540500259852
2021-04-16,20,112,123.57142857142857,18.571428571428573,5.6,7.278559900612586
2021-04-17,18,98,117.28571428571429,19.142857142857142,5.444444444444445,6.912819159871846
2021-04-18,24,63,105.28571428571429,19.571428571428573,2.625,6.635041382094068
2021-04-19,18,86,106.71428571428571,20.285714285714285,4.777777777777778,6.511760958813645
2021-04-20,23,84,99.14285714285714,21.0,3.652173913043478,6.368903815956502
2021-04-21,24,129,98.85714285714286,21.714285714285715,5.375,6.4079249799776665
2021-04-22,39,109,97.28571428571429,23.714285714285715,2.7948717948717947,6.190364762417449
2021-04-23,21,128,99.57142857142857,23.857142857142858,6.095238095238095,6.124423719333548
2021-04-24,25,102,100.14285714285714,24.857142857142858,4.08,5.940402555312384
2021-04-25,14,84,103.14285714285714,23.428571428571427,6.0,5.806473983883812
2021-04-26,71,410,149.42857142857142,31.0,5.774647887323944,5.805266740423048
2021-04-27,54,240,171.71428571428572,35.42857142857143,4.444444444444445,5.702092137248445
2021-04-28,84,413,212.28571428571428,44.0,4.916666666666667,5.6433619785182865
2021-04-29,109,316,241.85714285714286,54.0,2.8990825688073394,5.460425875092886
2021-04-30,102,393,279.7142857142857,65.57142857142857,3.8529411764705883,5.267959414824568
2021-05-01,108,308,309.14285714285717,77.42857142857143,2.8518518518518516,4.92076868668146
2021-05-02,117,379,351.2857142857143,92.14285714285714,3.2393162393162394,4.74168850760128
2021-05-03,65,242,327.2857142857143,91.28571428571429,3.723076923076923,4.640589606502379
2021-05-04,31,89,305.7142857142857,88.0,2.870967741935484,4.414868493684493
2021-05-05,23,76,257.57142857142856,79.28571428571429,3.3043478260869565,4.243897588159811
2021-05-06,36,131,231.14285714285714,68.85714285714286,3.638888888888889,4.188606582868805
2021-05-07,26,110,190.71428571428572,58.0,4.230769230769231,4.123405117667341
2021-05-08,21,103,161.42857142857142,45.57142857142857,4.904761904761905,4.097705949111029
2021-05-09,15,82,119.0,31.0,5.466666666666667,4.2330234094284895
2021-05-10,17,87,96.85714285714286,24.142857142857142,5.117647058823529,4.249207660906857
2021-05-11,17,81,95.71428571428571,22.142857142857142,4.764705882352941,4.302185373731119
2021-05-12,21,90,97.71428571428571,21.857142857142858,4.285714285714286,4.250314625431799
2021-05-13,35,98,93.0,21.714285714285715,2.8,4.250558825675999
2021-05-14,18,94,90.71428571428571,20.571428571428573,5.222222222222222,4.208986641246672
2021-05-15,19,114,92.28571428571429,20.285714285714285,6.0,4.300415212675243
2021-05-16,20,88,93.14285714285714,21.0,4.4,4.224224736484767
2021-05-17,20,60,89.28571428571429,21.428571428571427,3.0,4.0920986466121985
2021-05-18,17,80,89.14285714285714,21.428571428571427,4.705882352941177,4.104548070826328
2021-05-19,19,73,86.71428571428571,21.142857142857142,3.8421052631578947,4.053378480183054
2021-05-20,45,1099,229.71428571428572,22.571428571428573,24.42222222222222,5.078289892250429
2021-05-21,42,430,277.7142857142857,26.0,10.238095238095237,5.382344847565888
2021-05-22,26,142,281.7142857142857,27.0,5.461538461538462,5.506615638503345
2021-05-23,31,136,288.57142857142856,28.571428571428573,4.387096774193548,5.561271854449884
2021-05-24,20,139,299.85714285714283,28.571428571428573,6.95,5.714934858112888
2021-05-25,38,254,324.7142857142857,31.571428571428573,6.684210526315789,5.896517847845284
2021-05-26,23,111,330.14285714285717,32.142857142857146,4.826086956521739,5.9689816159612255
2021-05-27,35,120,190.28571428571428,30.714285714285715,3.4285714285714284,5.958966498803251
2021-05-28,37,166,152.57142857142858,30.0,4.486486486486487,5.971143510980263
2021-05-29,30,110,148.0,30.571428571428573,3.6666666666666665,5.912186594880491
2021-05-30,16,110,144.28571428571428,28.428571428571427,6.875,5.979250086943982
2021-05-31,18,101,138.85714285714286,28.142857142857142,5.611111111111111,6.002748375148153
2021-06-01,17,78,113.71428571428571,25.142857142857142,4.588235294117647,5.994345013803615
2021-06-02,29,108,113.28571428571429,26.0,3.7241379310344827,5.967603282628386
2021-06-03,34,92,109.28571428571429,25.857142857142858,2.7058823529411766,5.963121489911299
2021-06-04,43,222,117.28571428571429,26.714285714285715,5.162790697674419,5.960291417313785
2021-06-05,22,92,114.71428571428571,25.571428571428573,4.181818181818182,5.873711330733698
2021-06-06,20,77,110.0,26.142857142857142,3.85,5.847520854543222
2021-06-07,24,91,108.57142857142857,27.0,3.7916666666666665,5.885219267241635
2021-06-08,14,81,109.0,26.571428571428573,5.785714285714286,5.936639835468926
2021-06-09,32,151,115.14285714285714,27.0,4.71875,5.978384822937597
2021-06-10,22,127,120.14285714285714,25.285714285714285,5.7727272727272725,5.090313634866409
2021-06-11,28,120,105.57142857142857,23.142857142857142,4.285714285714286,4.806866922848268
2021-06-12,17,137,112.0,22.428571428571427,8.058823529411764,4.930547164175569
2021-06-13,21,66,110.42857142857143,22.571428571428573,3.142857142857143,4.871297657921454
2021-06-14,23,100,111.71428571428571,22.428571428571427,4.3478260869565215,4.7473846144431935
2021-06-15,22,96,113.85714285714286,23.571428571428573,4.363636363636363,4.63688108288703
2021-06-16,19,120,109.42857142857143,21.714285714285715,6.315789473684211,4.707819297990005
2021-06-17,41,167,115.14285714285714,24.428571428571427,4.073170731707317,4.738514502901237
2021-06-18,16,105,113.0,22.714285714285715,6.5625,4.837372289259024
2021-06-19,25,72,103.71428571428571,23.857142857142858,2.88,4.799911971798706
2021-06-20,19,64,103.42857142857143,23.571428571428573,3.3684210526315788,4.632932021924021
2021-06-21,28,103,103.85714285714286,24.285714285714285,3.6785714285714284,4.540906322755464
